provinceName,varietyName,minimumPrice,middlePrice,highestPrice,meteringUnit
上海市,一级豆油(散装),8.0,11.5,15.0,元/公斤
上海市,冬瓜,1.0,1.1,1.2,元/公斤
上海市,南瓜,1.7,2.125,2.6,元/公斤
上海市,土豆,1.45,1.825,2.4000000000000004,元/公斤
上海市,大白菜,2.1,2.4,2.65,元/公斤
上海市,大葱,2.2,2.525,2.8,元/公斤
上海市,大蒜,7.0,8.2,9.0,元/公斤
上海市,大豆,6.6,7.6,8.6,元/公斤
上海市,富士苹果,8.0,12.0,16.0,元/公斤
上海市,巨峰葡萄,8.0,13.5,19.0,元/公斤
上海市,平菇,7.5,8.05,8.8,元/公斤
上海市,油菜,4.4,5.6,7.050000000000001,元/公斤
上海市,洋白菜,4.0,4.5,5.0,元/公斤
上海市,牛肉,60.0,80.27,110.0,元/公斤
上海市,猪肉(白条猪),14.0,16.43,25.6,元/公斤
上海市,玉米,4.0,5.0,6.0,元/公斤
上海市,生姜,6.4,7.1,8.4,元/公斤
上海市,生菜,6.0,6.65,7.3,元/公斤
上海市,白条鸡,17.7,22.2,26.5,元/公斤
上海市,白萝卜,1.2,1.3,1.45,元/公斤
上海市,砂糖橘,6.0,8.0,10.0,元/公斤
上海市,粳米(普通),4.1,4.25,4.4,元/公斤
上海市,红萝卜,2.0,2.5,3.0,元/公斤
上海市,羊肉,46.0,63.5,70.0,元/公斤
上海市,胡萝卜,1.6,1.9,2.2,元/公斤
上海市,芹菜,6.0,6.7,7.5,元/公斤
上海市,茄子,3.4000000000000004,4.45,5.8,元/公斤
上海市,莲藕,6.5,8.0,9.5,元/公斤
上海市,莴笋,3.5,4.2,5.0,元/公斤
上海市,菜花,5.5,6.7,7.85,元/公斤
上海市,菠菜,12.0,14.75,17.5,元/公斤
上海市,葱头,1.05,1.425,1.8,元/公斤
上海市,蒜苗,6.0,7.5,9.0,元/公斤
上海市,蒜薹,5.0,6.2,9.0,元/公斤
上海市,西瓜,2.0,3.5,5.0,元/公斤
上海市,西红柿,3.6,4.6,5.3,元/公斤
上海市,西葫芦,3.5,4.3,5.35,元/公斤
上海市,豆角,5.05,5.8,7.7,元/公斤
上海市,青椒,3.8,4.2,4.6,元/公斤
上海市,面粉,3.3,4.05,4.8,元/公斤
上海市,韭菜,4.0,4.5,5.0,元/公斤
上海市,香菇,10.5,13.0,16.0,元/公斤
上海市,香蕉,6.0,6.8,7.6,元/公斤
上海市,鸭梨,3.0,5.0,7.0,元/公斤
上海市,黄瓜,5.3,6.199999999999999,7.1,元/公斤
云南省,丝瓜,5.0,5.5,6.0,元/公斤
云南省,佛手瓜,2.0,2.375,3.5,元/公斤
云南省,养殖鲶鱼,19.0,19.0,19.0,元/公斤
云南省,冬瓜,2.0,3.625,3.0,元/公斤
云南省,南瓜,2.8,3.875,3.2,元/公斤
云南省,土豆,2.0,2.725,2.8,元/公斤
云南省,大白菜,3.0,3.625,4.0,元/公斤
云南省,大葱,4.0,4.5,5.0,元/公斤
云南省,大蒜,11.0,11.5,13.0,元/公斤
云南省,小白菜,2.0,2.35,3.0,元/公斤
云南省,小葱,,2.5,,元/公斤
云南省,尖椒,6.0,5.5,8.0,元/公斤
云南省,山药,7.0,9.875,8.0,元/公斤
云南省,慈菇,,9.0,,元/公斤
云南省,折耳根(鱼腥草),8.0,7.5,10.0,元/公斤
云南省,木耳,,8.0,,元/公斤
云南省,条形辣椒干（小米椒）,,8.0,,元/公斤
云南省,樱桃西红柿,2.5,3.0,4.0,元/公斤
云南省,毛豆,7.0,6.0,9.0,元/公斤
云南省,油菜,4.0,5.25,5.0,元/公斤
云南省,油麦菜,3.0,3.775,4.5,元/公斤
云南省,泥鳅,23.0,23.0,23.0,元/公斤
云南省,洋白菜,2.0,2.6,3.2,元/公斤
云南省,活草鱼,18.0,18.25,18.5,元/公斤
云南省,活鲤鱼,15.5,15.75,16.0,元/公斤
云南省,活鲫鱼,20.0,20.25,20.5,元/公斤
云南省,淡水鲈鱼,48.0,48.0,48.0,元/公斤
云南省,牛肉,65.0,66.5,68.0,元/公斤
云南省,猪肉(白条猪),19.0,20.0,21.0,元/公斤
云南省,玉米棒,4.0,4.5,5.0,元/公斤
云南省,生姜,10.0,12.0,11.0,元/公斤
云南省,生菜,2.0,5.0625,4.5,元/公斤
云南省,白条鸡,,23.0,,元/公斤
云南省,白萝卜,1.5,1.9875,2.0,元/公斤
云南省,白鲢活鱼,9.0,9.5,10.0,元/公斤
云南省,空心菜,3.0,3.5,5.0,元/公斤
云南省,红萝卜,2.0,2.0,3.0,元/公斤
云南省,绿豆芽,,2.5,,元/公斤
云南省,罗非鱼,13.0,13.0,13.0,元/公斤
云南省,羊肉,60.0,62.0,64.0,元/公斤
云南省,胡萝卜,2.2,3.775,3.0,元/公斤
云南省,芋头,8.0,7.5,10.0,元/公斤
云南省,芥菜,,3.6,,元/公斤
云南省,花鲢活鱼,18.0,18.0,18.0,元/公斤
云南省,芹菜,4.0,5.825,5.0,元/公斤
云南省,苦瓜,5.0,6.875,7.0,元/公斤
云南省,茄子,4.0,4.825,6.0,元/公斤
云南省,茭白,10.0,12.5,15.0,元/公斤
云南省,茴香,4.0,4.625,5.5,元/公斤
云南省,茼蒿,,4.5,,元/公斤
云南省,荷兰豆,9.0,10.0,11.0,元/公斤
云南省,莲藕,7.0,8.375,9.0,元/公斤
云南省,莴笋,,4.75,,元/公斤
云南省,菜花,,6.0,,元/公斤
云南省,菠菜,4.0,11.5,6.0,元/公斤
云南省,蒜苗,,4.0,,元/公斤
云南省,蒜薹,8.0,10.5,12.0,元/公斤
云南省,西兰花,4.0,6.6125,5.5,元/公斤
云南省,西洋芹,3.0,3.5,4.0,元/公斤
云南省,西瓜,2.0,3.0,4.0,元/公斤
云南省,西红柿,3.25,5.1499999999999995,4.5,元/公斤
云南省,西葫芦,3.0,2.9,4.0,元/公斤
云南省,豆角,4.0,6.0,6.0,元/公斤
云南省,豇豆,4.0,5.125,5.5,元/公斤
云南省,豌豆尖,10.0,10.25,12.0,元/公斤
云南省,青椒,6.0,6.375,8.0,元/公斤
云南省,青鱼,22.0,22.0,22.0,元/公斤
云南省,韭菜,3.0,5.1875,4.5,元/公斤
云南省,韭菜花,5.0,5.75,8.0,元/公斤
云南省,韭黄,5.0,7.375,7.5,元/公斤
云南省,香菇,,12.0,,元/公斤
云南省,香菜,5.0,7.75,6.0,元/公斤
云南省,香蕉,4.0,4.5,5.0,元/公斤
云南省,鲜食玉米,1.5,3.0,3.2,元/公斤
云南省,鲟鱼,34.0,34.0,34.0,元/公斤
云南省,鳝鱼,75.0,75.0,75.0,元/公斤
云南省,鸡蛋,,8.5,,元/公斤
云南省,黄瓜,4.0,6.125,5.0,元/公斤
云南省,黄豆芽,2.0,3.375,3.5,元/公斤
云南省,黑鱼,26.0,26.0,26.0,元/公斤
内蒙古自治区,丝瓜,11.6,12.0,13.0,元/公斤
内蒙古自治区,光皮黄瓜,10.4,10.6,12.0,元/公斤
内蒙古自治区,冬瓜,2.1999999999999997,2.2666666666666666,2.466666666666667,元/公斤
内蒙古自治区,南瓜,2.3333333333333335,2.566666666666667,2.733333333333333,元/公斤
内蒙古自治区,土豆,1.6500000000000001,1.8,2.066666666666667,元/公斤
内蒙古自治区,大带鱼,36.0,37.0,38.0,元/公斤
内蒙古自治区,大白菜,1.45,1.6333333333333335,1.7166666666666668,元/公斤
内蒙古自治区,大米,5.1,5.6,5.85,元/公斤
内蒙古自治区,大葱,2.4166666666666665,2.533333333333333,2.6666666666666665,元/公斤
内蒙古自治区,大蒜,9.566666666666668,9.833333333333334,10.666666666666666,元/公斤
内蒙古自治区,大黄花鱼,39.0,41.0,43.0,元/公斤
内蒙古自治区,富士苹果,10.5,13.0,14.1,元/公斤
内蒙古自治区,小白菜,4.8,5.0,6.0,元/公斤
内蒙古自治区,小葱,6.4,6.6,7.6,元/公斤
内蒙古自治区,尖椒,3.2,4.0,4.3,元/公斤
内蒙古自治区,山药,5.0,6.0,11.0,元/公斤
内蒙古自治区,巨峰葡萄,11.5,12.5,13.5,元/公斤
内蒙古自治区,平菇,7.5,8.833333333333334,9.4,元/公斤
内蒙古自治区,心里美萝卜,3.0,3.4,3.6,元/公斤
内蒙古自治区,杏鲍菇,6.0,7.0,8.0,元/公斤
内蒙古自治区,梨,7.0,7.0,7.0,元/公斤
内蒙古自治区,樱桃西红柿,6.0,7.0,8.0,元/公斤
内蒙古自治区,毛豆,6.8,7.0,8.0,元/公斤
内蒙古自治区,油菜,3.6333333333333333,3.8666666666666667,4.033333333333333,元/公斤
内蒙古自治区,油麦菜,5.0,5.4,6.0,元/公斤
内蒙古自治区,洋白菜,1.2999999999999998,1.7000000000000002,1.9,元/公斤
内蒙古自治区,活草鱼,20.5,21.0,21.5,元/公斤
内蒙古自治区,活鲤鱼,16.5,17.0,17.5,元/公斤
内蒙古自治区,活鲫鱼,20.5,21.0,22.0,元/公斤
内蒙古自治区,牛肉,61.0,62.333333333333336,63.666666666666664,元/公斤
内蒙古自治区,猪肉,21.0,22.0,26.0,元/公斤
内蒙古自治区,猪肉(白条猪),21.333333333333332,21.75,24.333333333333332,元/公斤
内蒙古自治区,甘蓝,2.2,2.4,3.0,元/公斤
内蒙古自治区,生姜,10.166666666666666,10.733333333333334,11.166666666666666,元/公斤
内蒙古自治区,生菜,5.1000000000000005,5.533333333333334,5.833333333333333,元/公斤
内蒙古自治区,白条鸡,21.0,21.75,22.0,元/公斤
内蒙古自治区,白萝卜,1.5,1.6333333333333335,1.8333333333333333,元/公斤
内蒙古自治区,红萝卜,8.6,9.0,10.0,元/公斤
内蒙古自治区,羊肉,51.333333333333336,52.666666666666664,54.0,元/公斤
内蒙古自治区,胡萝卜,2.1333333333333333,2.2666666666666666,2.566666666666667,元/公斤
内蒙古自治区,芋头,5.9,6.0,6.5,元/公斤
内蒙古自治区,芦笋,17.0,18.0,20.0,元/公斤
内蒙古自治区,花生油,28.0,29.0,30.0,元/公斤
内蒙古自治区,芹菜,3.966666666666667,4.133333333333334,4.266666666666667,元/公斤
内蒙古自治区,苦瓜,6.8,7.0,8.0,元/公斤
内蒙古自治区,苹果,8.6,8.6,8.6,元/公斤
内蒙古自治区,茄子,2.3666666666666667,2.566666666666667,3.033333333333333,元/公斤
内蒙古自治区,茭白,11.8,12.0,13.0,元/公斤
内蒙古自治区,茴香,6.0,6.0,6.0,元/公斤
内蒙古自治区,茶树菇,10.8,11.0,12.0,元/公斤
内蒙古自治区,茼蒿,6.1000000000000005,6.2,6.7,元/公斤
内蒙古自治区,莲藕,8.866666666666667,8.833333333333334,9.4,元/公斤
内蒙古自治区,莴笋,3.9666666666666663,4.2,4.3999999999999995,元/公斤
内蒙古自治区,菜花,6.166666666666667,6.3999999999999995,6.8999999999999995,元/公斤
内蒙古自治区,菠菜,10.666666666666666,10.933333333333332,11.5,元/公斤
内蒙古自治区,菠萝,6.3,6.5,8.0,元/公斤
内蒙古自治区,葱头,1.5666666666666667,1.6833333333333333,1.8333333333333333,元/公斤
内蒙古自治区,蒜苗,7.4,7.6,9.0,元/公斤
内蒙古自治区,蒜薹,8.85,9.4,10.0,元/公斤
内蒙古自治区,西兰花,7.0,7.0,7.0,元/公斤
内蒙古自治区,西洋芹,3.8,4.0,5.0,元/公斤
内蒙古自治区,西瓜,4.0,4.7,5.4,元/公斤
内蒙古自治区,西红柿,3.533333333333333,3.8333333333333335,4.1000000000000005,元/公斤
内蒙古自治区,西葫芦,3.266666666666667,3.3666666666666667,3.533333333333333,元/公斤
内蒙古自治区,调和油,11.2,12.0,12.6,元/公斤
内蒙古自治区,豆角,6.1000000000000005,7.0,7.3999999999999995,元/公斤
内蒙古自治区,豇豆,6.4,6.6,7.6,元/公斤
内蒙古自治区,金针菇,2.6,3.0,3.6,元/公斤
内蒙古自治区,青椒,4.066666666666666,4.266666666666667,4.5,元/公斤
内蒙古自治区,面粉,4.4,4.6,4.9,元/公斤
内蒙古自治区,韭菜,3.6,3.733333333333333,4.233333333333333,元/公斤
内蒙古自治区,香菇,11.5,12.75,13.5,元/公斤
内蒙古自治区,香菜,10.0,10.0,10.0,元/公斤
内蒙古自治区,香蕉,6.8,7.133333333333333,7.333333333333333,元/公斤
内蒙古自治区,鸡蛋,7.666666666666667,7.766666666666667,8.466666666666667,元/公斤
内蒙古自治区,鸭梨,5.8,6.0,6.6,元/公斤
内蒙古自治区,黄瓜,3.8000000000000003,4.0,4.3,元/公斤
北京市,一级豆油(散装),8.96,9.05,9.14,元/公斤
北京市,丝瓜,5.666666666666667,6.833333333333333,8.333333333333334,元/公斤
北京市,人参果,18.0,18.5,19.0,元/公斤
北京市,冬枣,29.0,32.0,33.0,元/公斤
北京市,冬瓜,1.175,1.475,1.7249999999999999,元/公斤
北京市,冬笋,12.4,12.6,13.0,元/公斤
北京市,南瓜,2.066666666666667,2.2666666666666666,3.1666666666666665,元/公斤
北京市,哈密瓜,4.0,4.2,6.0,元/公斤
北京市,国光苹果,6.0,7.0,8.0,元/公斤
北京市,圆茄子,2.2,2.4,2.6,元/公斤
北京市,土豆,1.625,2.025,2.525,元/公斤
北京市,大带鱼,40.0,46.0,52.0,元/公斤
北京市,大白菜,1.1,1.3,1.5999999999999999,元/公斤
北京市,大米,5.3,5.4,5.5,元/公斤
北京市,大葱,2.2,2.425,2.65,元/公斤
北京市,大蒜,7.15,8.725,9.85,元/公斤
北京市,大黄花鱼,43.0,44.0,45.0,元/公斤
北京市,富士苹果,8.1,9.55,10.8,元/公斤
北京市,小白菜,4.333333333333333,4.8,5.333333333333333,元/公斤
北京市,小葱,4.5,5.6,6.3,元/公斤
北京市,尖椒,3.3333333333333335,4.8999999999999995,6.533333333333334,元/公斤
北京市,山楂,16.0,17.0,18.0,元/公斤
北京市,山药,7.0,7.766666666666667,8.533333333333333,元/公斤
北京市,巨峰葡萄,8.0,10.0,12.0,元/公斤
北京市,平菇,6.5,7.375,8.25,元/公斤
北京市,心里美萝卜,2.0,2.2,2.4,元/公斤
北京市,木瓜,13.0,13.7,14.5,元/公斤
北京市,杏鲍菇,5.5,6.5,7.5,元/公斤
北京市,杨桃,22.0,23.0,24.5,元/公斤
北京市,柚子,7.0,8.0,9.0,元/公斤
北京市,柠檬,10.0,12.0,14.0,元/公斤
北京市,桂鱼,66.0,68.0,70.0,元/公斤
北京市,梨,3.2,3.6,4.0,元/公斤
北京市,椰子,10.0,10.5,11.0,元/公斤
北京市,榴莲,47.0,48.0,49.0,元/公斤
北京市,樱桃,50.0,51.0,52.0,元/公斤
北京市,橘、柑,10.0,11.0,12.0,元/公斤
北京市,毛豆,10.1,11.1,12.1,元/公斤
北京市,油菜,3.6,4.233333333333333,5.133333333333334,元/公斤
北京市,油麦菜,7.6000000000000005,8.0,8.4,元/公斤
北京市,洋白菜,1.5999999999999999,1.8333333333333333,2.1666666666666665,元/公斤
北京市,活草鱼,18.25,19.75,21.3,元/公斤
北京市,活鲤鱼,13.3,14.1,14.9,元/公斤
北京市,活鲫鱼,23.75,28.5,30.75,元/公斤
北京市,牛肉,56.475,57.2875,58.1,元/公斤
北京市,特小凤西瓜,5.6,5.8,6.0,元/公斤
北京市,猕猴桃,11.8,14.15,17.5,元/公斤
北京市,猪前腿肌肉,15.0,16.0,17.0,元/公斤
北京市,猪后腿肌肉,15.0,16.0,17.0,元/公斤
北京市,猪大排肌肉,19.0,21.0,23.0,元/公斤
北京市,猪心,13.0,13.0,13.0,元/公斤
北京市,猪肉(白条猪),16.166666666666668,16.866666666666664,17.533333333333335,元/公斤
北京市,猪肚,36.0,36.0,36.0,元/公斤
北京市,猪肝,9.0,9.5,10.0,元/公斤
北京市,猪肺,4.0,4.5,5.0,元/公斤
北京市,玉米,2.7,2.8,2.9,元/公斤
北京市,甜橙,10.0,10.5,11.0,元/公斤
北京市,生姜,7.25,8.8,10.5,元/公斤
北京市,生菜,3.025,3.75,4.65,元/公斤
北京市,白条鸡,12.5925,14.4175,16.2425,元/公斤
北京市,白梨,5.4,5.6,6.3,元/公斤
北京市,白萝卜,1.1,1.275,1.5,元/公斤
北京市,白鲢活鱼,7.666666666666667,8.133333333333333,8.666666666666666,元/公斤
北京市,空心菜,6.0,6.5,7.0,元/公斤
北京市,红小豆,12.0,13.0,14.0,元/公斤
北京市,红毛丹,59.0,62.0,65.0,元/公斤
北京市,绿豆,12.0,12.5,13.0,元/公斤
北京市,绿豆芽,1.7666666666666666,1.9000000000000001,2.066666666666667,元/公斤
北京市,网纹瓜,5.800000000000001,8.1,10.0,元/公斤
北京市,羊肉,46.75,46.925,47.15,元/公斤
北京市,肥膘,8.0,8.5,9.0,元/公斤
北京市,胡萝卜,1.525,1.8625,2.175,元/公斤
北京市,脐橙,9.0,10.0,11.5,元/公斤
北京市,色拉油,9.0,9.8,10.0,元/公斤
北京市,芋头,7.0,7.4,8.0,元/公斤
北京市,芒果,11.34,11.34,11.34,元/公斤
北京市,芒果(台农一号),8.0,10.0,12.0,元/公斤
北京市,花生油,25.93,26.35,26.759999999999998,元/公斤
北京市,花鲢活鱼,16.5,17.2,18.0,元/公斤
北京市,芹菜,3.15,3.875,4.5,元/公斤
北京市,苋菜,6.0,7.0,8.0,元/公斤
北京市,苦瓜,4.25,4.55,4.85,元/公斤
北京市,茄子,3.1,3.9,4.9,元/公斤
北京市,茴香,5.5,6.0,7.0,元/公斤
北京市,茼蒿,14.0,15.0,16.0,元/公斤
北京市,荔枝,16.0,17.0,18.0,元/公斤
北京市,荷兰豆,12.666666666666666,13.666666666666666,14.666666666666666,元/公斤
北京市,莲藕,5.666666666666667,6.966666666666666,8.333333333333334,元/公斤
北京市,莴笋,2.1,2.775,3.4,元/公斤
北京市,菜花,5.050000000000001,5.4,5.75,元/公斤
北京市,菠菜,6.5,7.166666666666667,7.833333333333333,元/公斤
北京市,菠萝,6.2,6.45,6.8,元/公斤
北京市,葱头,1.3,1.5,1.75,元/公斤
北京市,蒜苗,4.0,6.3,9.5,元/公斤
北京市,蒜薹,6.0,7.0,9.0,元/公斤
北京市,蛇果,15.0,19.0,23.0,元/公斤
北京市,蜜桔,9.0,11.1,12.1,元/公斤
北京市,西兰花,4.0,4.75,5.5,元/公斤
北京市,西瓜,2.45,2.55,2.6500000000000004,元/公斤
北京市,西红柿,3.45,4.0,4.6,元/公斤
北京市,西葫芦,3.0666666666666664,4.233333333333333,5.533333333333334,元/公斤
北京市,豆角,6.666666666666667,8.0,9.666666666666666,元/公斤
北京市,豇豆,3.8666666666666667,4.866666666666666,5.666666666666667,元/公斤
北京市,豌豆,7.0,7.8,8.0,元/公斤
北京市,豌豆苗,12.5,12.7,13.0,元/公斤
北京市,酥梨,6.2,6.3,7.1,元/公斤
北京市,金针菇,4.85,5.85,6.6,元/公斤
北京市,长茄子,2.0,2.8,3.6,元/公斤
北京市,青椒,4.975,6.15,7.175,元/公斤
北京市,青萝卜,1.0,1.4,2.0,元/公斤
北京市,面粉,3.02,3.06,3.1,元/公斤
北京市,韭菜,4.5,5.25,6.0,元/公斤
北京市,韭黄,16.0,17.0,18.0,元/公斤
北京市,香梨,8.0,9.5,11.0,元/公斤
北京市,香菇,7.1000000000000005,8.9,10.700000000000001,元/公斤
北京市,香菜,6.5,7.75,8.5,元/公斤
北京市,香蕉,4.833333333333333,5.433333333333334,6.1000000000000005,元/公斤
北京市,鲈鱼,30.0,31.0,32.0,元/公斤
北京市,鲶鱼,8.0,9.0,10.0,元/公斤
北京市,鸡腿菇,26.0,28.0,30.0,元/公斤
北京市,鸡蛋,6.779999999999999,6.8625,6.9425,元/公斤
北京市,鸭梨,4.366666666666666,4.966666666666667,5.733333333333333,元/公斤
北京市,鸭蛋,11.0,11.75,12.5,元/公斤
北京市,鹌鹑蛋,11.0,11.0,11.0,元/公斤
北京市,麒麟西瓜,3.0,3.5,4.0,元/公斤
北京市,黄元帅苹果,7.0,8.0,9.0,元/公斤
北京市,黄瓜,4.6,5.375,6.25,元/公斤
北京市,黄豆芽,1.7999999999999998,1.875,2.0,元/公斤
北京市,黄香蕉苹果,10.0,11.0,12.0,元/公斤
北京市,黑木耳,7.0,7.2,7.4,元/公斤
北京市,黑鱼,21.0,22.0,23.0,元/公斤
吉林省,S33(油葵),,6.0,6.0,元/公斤
吉林省,冬瓜,2.2,2.3,3.8,元/公斤
吉林省,南瓜,4.0,4.5,5.0,元/公斤
吉林省,土豆,1.5,1.8666666666666665,2.2,元/公斤
吉林省,大白菜,1.2,1.5666666666666667,1.9,元/公斤
吉林省,大葱,2.5,2.8000000000000003,3.2,元/公斤
吉林省,大蒜,12.0,10.5,13.0,元/公斤
吉林省,大豆,,3.6,4.0,元/公斤
吉林省,富士苹果,,8.8,,元/公斤
吉林省,尖椒,2.0,2.3,2.8,元/公斤
吉林省,巨峰葡萄,,10.0,,元/公斤
吉林省,平菇,8.0,8.2,9.0,元/公斤
吉林省,油菜,2.0,4.5,3.0,元/公斤
吉林省,洋白菜,4.0,3.2,5.0,元/公斤
吉林省,猪肉,,20.0,,元/公斤
吉林省,玉米,,1.8,1.84,元/公斤
吉林省,生姜,10.0,10.0,11.0,元/公斤
吉林省,生菜,4.0,5.3,5.0,元/公斤
吉林省,白萝卜,2.1,2.1333333333333333,2.9,元/公斤
吉林省,空心菜,1.0,1.8,2.4,元/公斤
吉林省,红小豆,,14.0,14.0,元/公斤
吉林省,绿豆,,11.8,12.0,元/公斤
吉林省,胡萝卜,2.0,2.0,3.0,元/公斤
吉林省,芝麻(白芝麻),,12.0,12.0,元/公斤
吉林省,花生,,8.2,8.4,元/公斤
吉林省,花生仁,,8.4,8.6,元/公斤
吉林省,芸豆(英国红),,10.8,11.0,元/公斤
吉林省,芹菜,2.4,2.9333333333333336,3.2,元/公斤
吉林省,茄子,2.1,2.0,2.95,元/公斤
吉林省,莲藕,,8.0,,元/公斤
吉林省,莴笋,,6.0,,元/公斤
吉林省,菜花,4.1,4.266666666666667,5.0,元/公斤
吉林省,菠菜,5.7,7.2,7.0,元/公斤
吉林省,菠萝,,7.6,,元/公斤
吉林省,葱头,2.6,3.466666666666667,3.3,元/公斤
吉林省,蒜薹,10.0,9.0,11.0,元/公斤
吉林省,西瓜,,1.4,,元/公斤
吉林省,西红柿,2.5,3.1333333333333333,3.5,元/公斤
吉林省,西葫芦,3.0,2.8,4.0,元/公斤
吉林省,豆角,5.5,5.266666666666667,7.5,元/公斤
吉林省,青椒,2.7,2.9333333333333336,3.7,元/公斤
吉林省,韭菜,3.2,3.9333333333333336,4.5,元/公斤
吉林省,香菇,9.0,10.0,10.0,元/公斤
吉林省,香菜,7.0,8.1,9.0,元/公斤
吉林省,香蕉,,5.8,,元/公斤
吉林省,鸡蛋,7.0,7.5,8.0,元/公斤
吉林省,鸭梨,,5.6,,元/公斤
吉林省,黄瓜,2.0,2.3666666666666667,2.7,元/公斤
四川省,丝瓜,4.2,5.45,6.7,元/公斤
四川省,仔猪,22.0,26.0,30.0,元/公斤
四川省,冬瓜,1.45,1.85,2.35,元/公斤
四川省,南瓜,1.5,2.375,2.4,元/公斤
四川省,土豆,1.85,2.675,2.85,元/公斤
四川省,大带鱼,,49.2,,元/公斤
四川省,大白菜,1.5,2.1750000000000003,2.25,元/公斤
四川省,大葱,3.4499999999999997,4.9375,4.699999999999999,元/公斤
四川省,大蒜,7.35,10.55,9.6,元/公斤
四川省,大黄花鱼,,49.0,,元/公斤
四川省,富士苹果,,15.0,,元/公斤
四川省,小白菜,4.0,5.0,6.0,元/公斤
四川省,小葱,3.6,4.8,6.0,元/公斤
四川省,尖椒,3.5,4.35,5.2,元/公斤
四川省,山母羊,28.0,30.0,32.0,元/公斤
四川省,山羯羊,38.0,42.0,46.0,元/公斤
四川省,山药,6.4,7.800000000000001,9.2,元/公斤
四川省,巨峰葡萄,,9.6,,元/公斤
四川省,平菇,6.0,8.6,11.0,元/公斤
四川省,水牛,24.0,26.0,30.0,元/公斤
四川省,油菜,2.0,3.9333333333333336,4.0,元/公斤
四川省,油麦菜,3.8,4.9,6.0,元/公斤
四川省,洋白菜,1.5499999999999998,2.15,2.35,元/公斤
四川省,活草鱼,18.0,18.900000000000002,19.5,元/公斤
四川省,活鲤鱼,16.0,18.0,16.0,元/公斤
四川省,活鲫鱼,21.0,20.733333333333334,23.0,元/公斤
四川省,活鸡,24.0,36.0,50.0,元/公斤
四川省,牛肉,64.0,76.0,64.0,元/公斤
四川省,猪肉,,20.2,,元/公斤
四川省,猪肉(白条猪),18.39,18.689999999999998,19.689999999999998,元/公斤
四川省,玉米棒,3.4,4.050000000000001,4.7,元/公斤
四川省,生姜,7.65,9.7875,10.3,元/公斤
四川省,生菜,5.35,6.3875,6.6,元/公斤
四川省,白条鸡,16.0,17.7,16.0,元/公斤
四川省,白萝卜,1.2,1.675,1.6,元/公斤
四川省,白鲢活鱼,13.6,12.399999999999999,13.6,元/公斤
四川省,红椒,6.0,8.0,10.0,元/公斤
四川省,红萝卜,2.8,3.2,3.6,元/公斤
四川省,绵羊,30.0,34.0,42.0,元/公斤
四川省,绿豆芽,2.2,2.3,2.4,元/公斤
四川省,羊肉,52.0,70.0,52.0,元/公斤
四川省,胡萝卜,2.7,3.8,4.15,元/公斤
四川省,良薯,3.6,4.8,6.0,元/公斤
四川省,芋头,7.8,8.4,9.0,元/公斤
四川省,花生,5.0,6.0,7.0,元/公斤
四川省,花鲢活鱼,23.0,23.1,23.0,元/公斤
四川省,芹菜,3.7,5.025,5.2,元/公斤
四川省,苦瓜,4.3,5.45,6.6,元/公斤
四川省,茄子,3.05,3.9000000000000004,4.6,元/公斤
四川省,莲藕,5.3,6.525,6.5,元/公斤
四川省,莴笋,2.55,3.875,4.0,元/公斤
四川省,菜花,5.85,6.35,7.949999999999999,元/公斤
四川省,菠菜,10.0,12.025,13.5,元/公斤
四川省,菠萝,,6.2,,元/公斤
四川省,葱头,1.2,2.9000000000000004,1.6,元/公斤
四川省,蒜苗,5.6,6.55,7.5,元/公斤
四川省,蒜薹,5.75,6.7125,8.1,元/公斤
四川省,西兰花,6.2,7.45,8.7,元/公斤
四川省,西洋芹,5.0,5.5,6.0,元/公斤
四川省,西瓜,,2.2,,元/公斤
四川省,西红柿,3.6,4.85,5.25,元/公斤
四川省,西葫芦,2.5,4.05,4.4,元/公斤
四川省,豆角,5.4,6.875,7.4,元/公斤
四川省,豇豆,4.800000000000001,5.75,6.7,元/公斤
四川省,豌豆,4.6,5.6,6.6,元/公斤
四川省,金针菇,8.4,9.4,10.4,元/公斤
四川省,青冬瓜,1.2,1.5,1.8,元/公斤
四川省,青椒,2.55,3.65,3.9,元/公斤
四川省,韭菜,4.95,5.975,7.0,元/公斤
四川省,韭菜花,11.0,13.0,15.0,元/公斤
四川省,韭黄,9.0,11.0,13.0,元/公斤
四川省,香菇,7.75,12.625,12.25,元/公斤
四川省,香蕉,,6.2,,元/公斤
四川省,鸡蛋,6.9,9.55,6.9,元/公斤
四川省,鸭梨,,7.4,,元/公斤
四川省,黄牛,30.0,32.0,36.0,元/公斤
四川省,黄瓜,3.8,5.45,6.05,元/公斤
四川省,黄豆芽,2.2,2.3,2.4,元/公斤
天津市,丝瓜,7.0,8.5,10.0,元/公斤
天津市,冬瓜,1.0,1.1500000000000001,1.5,元/公斤
天津市,南瓜,2.4,2.675,3.4,元/公斤
天津市,哈密瓜,4.7,5.9,7.0,元/公斤
天津市,圆茄子,1.4,2.1,2.8,元/公斤
天津市,土豆,1.4666666666666668,1.7333333333333334,2.033333333333333,元/公斤
天津市,大白菜,1.1833333333333333,1.3499999999999999,1.55,元/公斤
天津市,大米,4.633333333333333,4.833333333333333,5.033333333333333,元/公斤
天津市,大葱,1.6333333333333335,1.8666666666666665,2.1666666666666665,元/公斤
天津市,大蒜,6.666666666666667,7.433333333333334,9.0,元/公斤
天津市,富士苹果,6.0,7.3,9.0,元/公斤
天津市,小白菜,2.15,2.65,3.15,元/公斤
天津市,小葱,1.4,1.7,2.0,元/公斤
天津市,尖椒,2.5,3.7,4.9,元/公斤
天津市,山药,6.8,8.799999999999999,12.133333333333333,元/公斤
天津市,平菇,7.25,7.775,9.0,元/公斤
天津市,桃子,3.4,4.7,6.0,元/公斤
天津市,樱桃西红柿,5.0,6.2,8.0,元/公斤
天津市,毛豆,5.4,5.7,6.0,元/公斤
天津市,油菜,3.12,3.5,4.0,元/公斤
天津市,油麦菜,7.0,8.125,9.5,元/公斤
天津市,洋白菜,1.4833333333333334,1.8499999999999999,2.1333333333333333,元/公斤
天津市,活草鱼,16.0,16.0,16.0,元/公斤
天津市,活鲤鱼,14.0,14.0,14.0,元/公斤
天津市,活鲫鱼,20.0,20.0,20.0,元/公斤
天津市,火龙果,7.0,8.0,10.0,元/公斤
天津市,牛肉,60.0,60.75,61.5,元/公斤
天津市,猕猴桃,10.0,12.0,13.0,元/公斤
天津市,猪肉,25.0,25.0,25.0,元/公斤
天津市,猪肉(白条猪),19.15,19.8,20.45,元/公斤
天津市,玉米,1.2,1.8,2.4,元/公斤
天津市,玫瑰香葡萄,7.0,7.5,8.0,元/公斤
天津市,生姜,7.6000000000000005,8.65,10.033333333333333,元/公斤
天津市,生菜,3.1999999999999997,3.9,4.3999999999999995,元/公斤
天津市,白条鸡,11.533333333333333,11.666666666666666,12.333333333333334,元/公斤
天津市,白萝卜,1.2999999999999998,1.475,1.7000000000000002,元/公斤
天津市,红萝卜,1.0,1.1,1.2,元/公斤
天津市,绿豆芽,1.7000000000000002,1.85,2.0,元/公斤
天津市,羊肉,63.75,64.5,69.0,元/公斤
天津市,胡萝卜,1.6333333333333335,1.8499999999999999,2.1666666666666665,元/公斤
天津市,良薯,2.4,3.2,4.0,元/公斤
天津市,芋头,10.0,10.0,10.0,元/公斤
天津市,芒果,8.5,9.25,12.0,元/公斤
天津市,芹菜,2.9333333333333336,3.8666666666666667,4.366666666666666,元/公斤
天津市,苦瓜,2.4,2.82,3.44,元/公斤
天津市,苹果,5.5,7.25,9.0,元/公斤
天津市,茄子,1.72,2.2,2.88,元/公斤
天津市,茴香,5.12,5.68,6.840000000000001,元/公斤
天津市,茼蒿,8.5,9.75,13.0,元/公斤
天津市,莲藕,5.16,6.779999999999999,8.2,元/公斤
天津市,莴笋,2.5,2.7,3.3,元/公斤
天津市,菜花,4.1000000000000005,4.816666666666666,5.533333333333334,元/公斤
天津市,菠菜,9.6,10.6,12.4,元/公斤
天津市,萝卜,2.8,3.0,3.2,元/公斤
天津市,葡萄,5.0,6.0,7.0,元/公斤
天津市,葱头,1.0,1.2333333333333334,1.5333333333333334,元/公斤
天津市,蒜薹,4.32,6.3,8.040000000000001,元/公斤
天津市,西兰花,7.666666666666667,8.0,9.200000000000001,元/公斤
天津市,西瓜,1.4000000000000001,2.5,3.9333333333333336,元/公斤
天津市,西红柿,3.1333333333333333,3.9,5.033333333333333,元/公斤
天津市,西葫芦,2.52,2.98,3.88,元/公斤
天津市,豆角,4.5600000000000005,5.68,7.4,元/公斤
天津市,豇豆,2.6,3.4000000000000004,4.2,元/公斤
天津市,长茄子,1.2,2.0,2.8,元/公斤
天津市,雪梨,3.6,3.7,3.8,元/公斤
天津市,青椒,3.9333333333333336,4.7,5.866666666666667,元/公斤
天津市,青笋,2.5,2.95,3.0,元/公斤
天津市,面粉,4.0,4.666666666666667,5.333333333333333,元/公斤
天津市,韭菜,2.766666666666667,3.4,3.8333333333333335,元/公斤
天津市,香菇,8.440000000000001,9.92,11.8,元/公斤
天津市,香菜,7.4,8.9,10.6,元/公斤
天津市,香蕉,4.65,5.55,6.5,元/公斤
天津市,鲜食玉米,1.2,1.6,2.0,元/公斤
天津市,鸡蛋,6.5680000000000005,6.723999999999999,6.82,元/公斤
天津市,鸭梨,5.1,5.8,6.0,元/公斤
天津市,麒麟西瓜,3.0999999999999996,3.55,3.8000000000000003,元/公斤
天津市,黄瓜,4.033333333333333,5.166666666666667,6.533333333333334,元/公斤
天津市,黄豆芽,1.7000000000000002,1.85,2.0,元/公斤
宁夏回族自治区,三黄鸡,14.0,15.5,16.0,元/公斤
宁夏回族自治区,光皮黄瓜,,5.0,,元/公斤
宁夏回族自治区,冬瓜,0.95,1.4125,3.8,元/公斤
宁夏回族自治区,南瓜,1.4,1.85,5.1,元/公斤
宁夏回族自治区,哈密瓜,4.0,5.2,11.0,元/公斤
宁夏回族自治区,圆茄子,1.3,1.2000000000000002,1.9,元/公斤
宁夏回族自治区,土豆,1.5,1.8,3.5,元/公斤
宁夏回族自治区,大白菜,0.8,1.2750000000000001,2.8000000000000003,元/公斤
宁夏回族自治区,大葱,1.7,2.2,5.7,元/公斤
宁夏回族自治区,大蒜,7.5,7.475,13.5,元/公斤
宁夏回族自治区,富士苹果,5.15,7.175,11.0,元/公斤
宁夏回族自治区,小白菜,2.1,4.4,5.5,元/公斤
宁夏回族自治区,小葱,,5.0,,元/公斤
宁夏回族自治区,山竹,18.0,19.0,20.0,元/公斤
宁夏回族自治区,山药,8.0,7.5,10.0,元/公斤
宁夏回族自治区,巨峰葡萄,8.0,9.5,11.0,元/公斤
宁夏回族自治区,平菇,4.0,6.25,13.5,元/公斤
宁夏回族自治区,心里美萝卜,1.2,1.6,2.0,元/公斤
宁夏回族自治区,木瓜,9.0,10.0,11.0,元/公斤
宁夏回族自治区,李子,4.5,4.65,4.8,元/公斤
宁夏回族自治区,杏子,5.2,6.1,7.0,元/公斤
宁夏回族自治区,杨梅,16.0,18.0,20.0,元/公斤
宁夏回族自治区,枇杷,12.0,16.0,20.0,元/公斤
宁夏回族自治区,枸杞子,21.4,37.6,98.4,元/公斤
宁夏回族自治区,柚子,3.0,4.0,5.0,元/公斤
宁夏回族自治区,柠檬,16.0,17.0,18.0,元/公斤
宁夏回族自治区,桂鱼,60.0,62.0,64.0,元/公斤
宁夏回族自治区,桃子,5.6,5.8,6.0,元/公斤
宁夏回族自治区,椰子,16.0,17.0,18.0,元/公斤
宁夏回族自治区,榴莲,30.0,33.5,37.0,元/公斤
宁夏回族自治区,樱桃,20.0,35.0,50.0,元/公斤
宁夏回族自治区,樱桃西红柿,4.0,7.0,14.0,元/公斤
宁夏回族自治区,橙子,7.0,8.0,9.0,元/公斤
宁夏回族自治区,油桃,5.0,6.0,7.0,元/公斤
宁夏回族自治区,油菜,1.7,3.275,6.7,元/公斤
宁夏回族自治区,油麦菜,3.65,6.050000000000001,8.65,元/公斤
宁夏回族自治区,活草鱼,18.5,20.9,24.0,元/公斤
宁夏回族自治区,活鲤鱼,11.5,13.125,16.5,元/公斤
宁夏回族自治区,活鲫鱼,19.0,21.25,24.0,元/公斤
宁夏回族自治区,火龙果,4.6,5.55,6.5,元/公斤
宁夏回族自治区,牛肉,56.5,64.0,65.0,元/公斤
宁夏回族自治区,猕猴桃,4.0,6.5,9.0,元/公斤
宁夏回族自治区,猪肉,20.0,20.0,20.0,元/公斤
宁夏回族自治区,猪肉(白条猪),,19.0,,元/公斤
宁夏回族自治区,甘蓝,0.9,0.9500000000000001,1.3,元/公斤
宁夏回族自治区,甘薯,4.3,4.4,4.5,元/公斤
宁夏回族自治区,甜瓜,3.0,3.25,3.5,元/公斤
宁夏回族自治区,生姜,6.5,8.3,15.5,元/公斤
宁夏回族自治区,生菜,2.3,4.45,10.8,元/公斤
宁夏回族自治区,甲鱼,32.0,50.0,68.0,元/公斤
宁夏回族自治区,白条鸡,18.0,16.5,22.0,元/公斤
宁夏回族自治区,白萝卜,1.1,1.4500000000000002,2.8,元/公斤
宁夏回族自治区,白鲢活鱼,7.5,8.75,10.0,元/公斤
宁夏回族自治区,石榴,14.0,17.0,20.0,元/公斤
宁夏回族自治区,粳米(普通),,4.2,,元/公斤
宁夏回族自治区,红尖椒,,7.6,,元/公斤
宁夏回族自治区,红提子,6.3,7.7,14.6,元/公斤
宁夏回族自治区,红椒,3.4,3.9,14.6,元/公斤
宁夏回族自治区,红萝卜,1.6,3.2,7.0,元/公斤
宁夏回族自治区,绿豆芽,2.0,2.25,2.6,元/公斤
宁夏回族自治区,羊肉,53.0,58.0,61.0,元/公斤
宁夏回族自治区,胡萝卜,1.2,1.55,3.0999999999999996,元/公斤
宁夏回族自治区,芒果,7.0,8.4,9.8,元/公斤
宁夏回族自治区,花生油,,22.0,,元/公斤
宁夏回族自治区,花鲢活鱼,,15.0,,元/公斤
宁夏回族自治区,芹菜,1.0,1.8,3.5,元/公斤
宁夏回族自治区,苦瓜,4.0,4.4,4.8,元/公斤
宁夏回族自治区,茼蒿,4.3,8.2,12.6,元/公斤
宁夏回族自治区,草莓,28.0,30.0,32.0,元/公斤
宁夏回族自治区,荔枝,5.6,5.8,6.0,元/公斤
宁夏回族自治区,莲藕,4.25,6.449999999999999,11.75,元/公斤
宁夏回族自治区,莴笋,1.8,3.6,7.4,元/公斤
宁夏回族自治区,菜花,3.4000000000000004,5.65,9.0,元/公斤
宁夏回族自治区,菠菜,8.0,8.75,11.0,元/公斤
宁夏回族自治区,菠萝,2.8,3.4,4.0,元/公斤
宁夏回族自治区,葱头,1.0,1.225,2.9000000000000004,元/公斤
宁夏回族自治区,蒜苗,5.3,8.45,12.5,元/公斤
宁夏回族自治区,蒜薹,5.0,4.85,11.1,元/公斤
宁夏回族自治区,西兰花,5.8,10.25,11.5,元/公斤
宁夏回族自治区,西洋芹,2.0,2.2,2.4,元/公斤
宁夏回族自治区,西瓜,1.0,1.0,11.0,元/公斤
宁夏回族自治区,西红柿,2.0,2.4250000000000003,6.7,元/公斤
宁夏回族自治区,西葫芦,0.8,1.375,4.8,元/公斤
宁夏回族自治区,调和油,,11.0,,元/公斤
宁夏回族自治区,豆角,7.3,5.75,7.7,元/公斤
宁夏回族自治区,豇豆,4.8,5.4,6.0,元/公斤
宁夏回族自治区,酥梨,2.9,4.0,8.1,元/公斤
宁夏回族自治区,金针菇,6.0,6.6,7.2,元/公斤
宁夏回族自治区,长茄子,1.25,2.25,6.95,元/公斤
宁夏回族自治区,青椒,2.0,2.6,8.1,元/公斤
宁夏回族自治区,青笋,2.8,3.2,3.6,元/公斤
宁夏回族自治区,青萝卜,0.8,0.9,1.2,元/公斤
宁夏回族自治区,韭苔,4.75,5.25,8.5,元/公斤
宁夏回族自治区,韭菜,2.3,3.75,9.1,元/公斤
宁夏回族自治区,香梨,5.4,5.7,6.0,元/公斤
宁夏回族自治区,香瓜,2.0,3.0,4.0,元/公斤
宁夏回族自治区,香菇,9.5,12.5,20.0,元/公斤
宁夏回族自治区,香菜,4.55,6.875,15.25,元/公斤
宁夏回族自治区,香蕉,4.2,4.7,6.7,元/公斤
宁夏回族自治区,鮰鱼,,19.6,,元/公斤
宁夏回族自治区,鲈鱼,53.0,54.0,55.0,元/公斤
宁夏回族自治区,鸡蛋,7.3,7.6499999999999995,10.8,元/公斤
宁夏回族自治区,麒麟西瓜,1.6,2.8,4.0,元/公斤
宁夏回族自治区,黄元帅苹果,7.0,8.0,9.0,元/公斤
宁夏回族自治区,黄瓜,2.6,2.95,4.0,元/公斤
宁夏回族自治区,黄豆芽,2.0,2.25,2.6,元/公斤
宁夏回族自治区,黑鱼,,24.0,,元/公斤
宁夏回族自治区,龙眼(桂圆),10.0,13.0,16.0,元/公斤
安徽省,一级豆油(散装),8.0,10.125,8.4,元/公斤
安徽省,三黄鸡,22.0,24.0,26.0,元/公斤
安徽省,丝瓜,4.5,6.766666666666667,7.8,元/公斤
安徽省,京欣西瓜,,2.0,,元/公斤
安徽省,人参果,10.0,11.0,12.0,元/公斤
安徽省,人工甲鱼,28.0,29.0,30.0,元/公斤
安徽省,佛手瓜,,4.0,,元/公斤
安徽省,光皮黄瓜,13.0,14.5,16.0,元/公斤
安徽省,冬瓜,1.0333333333333334,1.1111111111111112,1.8,元/公斤
安徽省,南瓜,1.9142857142857144,2.3850000000000002,2.8000000000000003,元/公斤
安徽省,哈密瓜,4.0,4.125,4.566666666666666,元/公斤
安徽省,嘎拉苹果,,3.0,,元/公斤
安徽省,圆茄子,,2.4,,元/公斤
安徽省,土豆,1.9857142857142858,2.3600000000000003,2.8285714285714287,元/公斤
安徽省,基围虾,51.0,49.25,54.0,元/公斤
安徽省,大带鱼,,25.0,,元/公斤
安徽省,大白菜,1.3714285714285714,1.7550000000000001,1.7714285714285716,元/公斤
安徽省,大米,4.0,4.05,4.2,元/公斤
安徽省,大葱,2.8285714285714287,2.875,3.6285714285714286,元/公斤
安徽省,大蒜,7.640000000000001,7.95,9.4,元/公斤
安徽省,大豆,9.0,10.0,11.0,元/公斤
安徽省,大黄花鱼,30.0,33.0,43.0,元/公斤
安徽省,富士苹果,7.2,7.9799999999999995,9.333333333333334,元/公斤
安徽省,小白菜,3.6666666666666665,5.0125,5.666666666666667,元/公斤
安徽省,小葱,5.533333333333334,6.3,7.066666666666666,元/公斤
安徽省,尖椒,3.75,5.083333333333333,5.5,元/公斤
安徽省,山楂,,5.0,,元/公斤
安徽省,山竹,,16.0,,元/公斤
安徽省,山药,6.2,6.459999999999999,7.333333333333333,元/公斤
安徽省,巨峰葡萄,8.6,8.45,15.0,元/公斤
安徽省,带鱼,20.0,27.5,36.0,元/公斤
安徽省,平菇,6.4,7.978571428571429,8.4,元/公斤
安徽省,木耳菜,,6.0,,元/公斤
安徽省,李子,,5.0,,元/公斤
安徽省,杨梅,,16.0,,元/公斤
安徽省,枣,16.0,18.0,20.0,元/公斤
安徽省,柠檬,11.0,15.5,12.5,元/公斤
安徽省,桃子,4.25,4.816666666666666,5.2,元/公斤
安徽省,梨,3.75,3.516666666666667,4.3,元/公斤
安徽省,椰子,16.0,18.0,20.0,元/公斤
安徽省,榴莲,43.0,39.25,44.0,元/公斤
安徽省,樱桃西红柿,8.0,9.0,10.0,元/公斤
安徽省,橘、柑,,8.0,,元/公斤
安徽省,橙子,7.8,8.0,8.2,元/公斤
安徽省,毛豆,3.733333333333333,4.3999999999999995,5.066666666666666,元/公斤
安徽省,沃柑,8.0,8.5,10.0,元/公斤
安徽省,油桃,,6.0,,元/公斤
安徽省,油菜,4.45,5.828571428571428,6.15,元/公斤
安徽省,油麦菜,6.0,7.5625,8.25,元/公斤
安徽省,泥鳅,,20.0,,元/公斤
安徽省,洋白菜,2.5,2.96,3.2,元/公斤
安徽省,活草鱼,16.333333333333332,17.4,18.333333333333332,元/公斤
安徽省,活鲤鱼,11.5,13.0,13.5,元/公斤
安徽省,活鲫鱼,16.333333333333332,17.25,20.333333333333332,元/公斤
安徽省,淡水鲈鱼,20.0,30.0,40.0,元/公斤
安徽省,火龙果,7.4,7.466666666666666,8.5,元/公斤
安徽省,牛肉,64.5,64.0,69.5,元/公斤
安徽省,猕猴桃,13.5,13.0,16.5,元/公斤
安徽省,猪肉,22.2,22.03333333333333,24.0,元/公斤
安徽省,猪肉(白条猪),16.4,18.933333333333334,16.4,元/公斤
安徽省,玉米,2.6,2.7,2.8,元/公斤
安徽省,玉米棒,3.3,4.15,5.0,元/公斤
安徽省,瓠子,2.075,2.8375,3.375,元/公斤
安徽省,甘蓝,1.2,1.6,2.0,元/公斤
安徽省,甘薯,5.0,5.5,6.0,元/公斤
安徽省,甜橙,10.0,11.5,13.0,元/公斤
安徽省,生姜,8.0,8.833333333333334,10.166666666666666,元/公斤
安徽省,生菜,5.6,6.5125,7.6,元/公斤
安徽省,白条鸡,14.65,15.959999999999999,15.1,元/公斤
安徽省,白萝卜,1.3800000000000001,1.76875,2.04,元/公斤
安徽省,白鲢活鱼,7.5,8.5,9.166666666666666,元/公斤
安徽省,空心菜,3.25,3.975,4.5,元/公斤
安徽省,红小豆,13.0,13.5,14.0,元/公斤
安徽省,红提子,,10.0,,元/公斤
安徽省,红椒,4.5,5.8999999999999995,7.5,元/公斤
安徽省,红萝卜,,2.6,,元/公斤
安徽省,绿豆芽,2.2,2.5666666666666664,2.4,元/公斤
安徽省,羊肉,52.333333333333336,55.2,57.0,元/公斤
安徽省,胡萝卜,2.142857142857143,2.54,2.942857142857143,元/公斤
安徽省,色拉油,,12.0,,元/公斤
安徽省,芋头,,6.0,,元/公斤
安徽省,芒果,10.0,10.375,12.666666666666666,元/公斤
安徽省,花生仁,12.0,13.5,15.0,元/公斤
安徽省,花鲢活鱼,16.0,17.166666666666668,19.0,元/公斤
安徽省,芸豆（鲜食）,11.0,11.5,12.0,元/公斤
安徽省,芹菜,4.6571428571428575,5.0600000000000005,6.285714285714286,元/公斤
安徽省,苋菜,2.8666666666666667,4.25,4.0,元/公斤
安徽省,苦瓜,4.0,5.5,6.0,元/公斤
安徽省,苹果,8.75,9.875,11.0,元/公斤
安徽省,苹果梨,,3.5,,元/公斤
安徽省,茄子,2.7199999999999998,3.185714285714286,4.12,元/公斤
安徽省,茭白,9.0,11.25,12.0,元/公斤
安徽省,茼蒿,,13.5,,元/公斤
安徽省,荔枝,17.0,18.5,20.0,元/公斤
安徽省,荷兰豆,15.0,16.666666666666668,17.0,元/公斤
安徽省,莲藕,5.266666666666667,7.2555555555555555,9.0,元/公斤
安徽省,莴笋,3.3000000000000003,4.01,4.914285714285714,元/公斤
安徽省,菜油(散装),9.2,9.7,10.0,元/公斤
安徽省,菜花,6.4,6.925,7.4,元/公斤
安徽省,菠菜,11.433333333333332,13.6,15.5,元/公斤
安徽省,菠萝,8.0,6.5,10.0,元/公斤
安徽省,菠萝蜜,6.0,6.75,9.0,元/公斤
安徽省,葡萄,8.0,8.5,9.0,元/公斤
安徽省,葱头,1.725,1.95,2.25,元/公斤
安徽省,蒜苗,8.0,10.5,10.0,元/公斤
安徽省,蒜薹,6.533333333333334,6.95,8.0,元/公斤
安徽省,蜜桔,,6.0,,元/公斤
安徽省,西兰花,8.8,9.4,11.1,元/公斤
安徽省,西洋芹,,5.0,,元/公斤
安徽省,西瓜,2.35,2.6142857142857143,4.1,元/公斤
安徽省,西红柿,3.5500000000000003,4.416666666666667,5.133333333333334,元/公斤
安徽省,西葫芦,3.96,4.525,5.0,元/公斤
安徽省,豆角,6.8,7.366666666666667,7.666666666666667,元/公斤
安徽省,豇豆,4.333333333333333,4.775,5.733333333333333,元/公斤
安徽省,辣椒干,33.0,34.0,35.0,元/公斤
安徽省,酥梨,3.8,3.6,4.5,元/公斤
安徽省,金针菇,4.6,5.8,5.6,元/公斤
安徽省,长茄子,,3.0,,元/公斤
安徽省,青椒,3.8714285714285714,4.915,5.642857142857143,元/公斤
安徽省,青萝卜,0.8,1.5,1.8,元/公斤
安徽省,青鱼,14.0,16.0,18.0,元/公斤
安徽省,面粉,4.0,3.65,4.2,元/公斤
安徽省,韭苔,,8.0,,元/公斤
安徽省,韭菜,3.8833333333333333,4.311111111111111,5.366666666666667,元/公斤
安徽省,香油,,41.0,,元/公斤
安徽省,香瓜,,5.0,,元/公斤
安徽省,香菇,11.4,13.5,15.16,元/公斤
安徽省,香菜,9.666666666666666,11.9,11.333333333333334,元/公斤
安徽省,香蕉,4.46,4.792857142857143,5.46,元/公斤
安徽省,鲈鱼,34.0,37.0,42.0,元/公斤
安徽省,鲢鱼,,10.0,,元/公斤
安徽省,鳊鱼,17.0,18.0,19.0,元/公斤
安徽省,鸡腿菇,5.2,5.8,6.0,元/公斤
安徽省,鸡蛋,7.533333333333334,6.983333333333333,8.066666666666666,元/公斤
安徽省,鸭梨,4.1,5.4,6.7,元/公斤
安徽省,鸭蛋,9.0,9.5,10.0,元/公斤
安徽省,麒麟西瓜,4.0,4.1,4.4,元/公斤
安徽省,黄瓜,4.785714285714286,5.99,7.014285714285714,元/公斤
安徽省,黄豆芽,1.8,2.2333333333333334,2.25,元/公斤
安徽省,黄鳝,77.0,78.5,80.0,元/公斤
安徽省,黑木耳,69.0,70.5,72.0,元/公斤
安徽省,黑鱼,18.5,18.666666666666668,21.5,元/公斤
安徽省,龙眼(桂圆),18.0,16.0,20.0,元/公斤
安徽省,龙虾,,25.0,,元/公斤
山东省,一级豆油(散装),8.9,10.5,12.7,元/公斤
山东省,丝瓜,4.0,5.3999999999999995,6.0,元/公斤
山东省,丰水梨,4.6,5.0,6.0,元/公斤
山东省,乔纳金苹果,7.0,8.0,10.0,元/公斤
山东省,人工甲鱼,60.0,60.0,64.0,元/公斤
山东省,低辣小椒（三樱椒）,19.0,19.1,19.2,元/公斤
山东省,佛手瓜,2.7,3.045,3.5,元/公斤
山东省,光皮黄瓜,7.3,7.83,9.3,元/公斤
山东省,养殖鲶鱼,11.0,12.0,14.0,元/公斤
山东省,冬瓜,0.63,0.9222222222222223,1.29,元/公斤
山东省,加吉鱼,48.0,50.0,52.0,元/公斤
山东省,南瓜,1.3624999999999998,1.8383333333333332,3.525,元/公斤
山东省,哈密瓜,2.6,4.05,6.0,元/公斤
山东省,圆茄子,1.2666666666666666,1.8666666666666665,2.466666666666667,元/公斤
山东省,土豆,1.4352380952380952,1.8437037037037038,1.9676190476190476,元/公斤
山东省,大带鱼,60.0,70.0,87.0,元/公斤
山东省,大白菜,1.5716666666666665,1.8150000000000002,2.1841666666666666,元/公斤
山东省,大米,5.75,8.25,11.35,元/公斤
山东省,大葱,1.8,2.0444444444444447,2.333333333333333,元/公斤
山东省,大蒜,6.757777777777778,8.2,9.38,元/公斤
山东省,大豆,5.9,8.1,10.7,元/公斤
山东省,大辣椒（甜椒-板椒）,12.0,13.5,15.0,元/公斤
山东省,大黄花鱼,39.0,42.5,46.0,元/公斤
山东省,富士苹果,7.15,9.475,11.25,元/公斤
山东省,对虾,260.0,320.0,340.0,元/公斤
山东省,小带鱼,30.0,34.0,36.0,元/公斤
山东省,小白菜,3.533333333333333,4.65,4.666666666666667,元/公斤
山东省,小葱,1.0,1.4,2.0,元/公斤
山东省,尖椒,3.2375,4.924,5.925,元/公斤
山东省,山楂,6.0,7.0,9.0,元/公斤
山东省,山竹,36.0,44.0,56.0,元/公斤
山东省,山药,4.666666666666667,5.793333333333334,8.183333333333334,元/公斤
山东省,巨峰葡萄,8.5,11.0,15.5,元/公斤
山东省,布朗,9.0,12.0,12.0,元/公斤
山东省,带鱼,30.0,60.0,70.0,元/公斤
山东省,平菇,4.3,5.25,6.0,元/公斤
山东省,心里美萝卜,1.6,2.2,2.4,元/公斤
山东省,扇贝,8.0,10.666666666666666,13.0,元/公斤
山东省,早春红玉瓜,3.0,4.0,6.0,元/公斤
山东省,木瓜,6.0,7.0,9.0,元/公斤
山东省,李子,2.0,3.0,4.0,元/公斤
山东省,杏鲍菇,6.0,6.5,7.0,元/公斤
山东省,板栗,4.0,5.0,7.0,元/公斤
山东省,柠檬,7.0,8.5,12.5,元/公斤
山东省,标准粉,4.0,4.0,4.0,元/公斤
山东省,核桃,16.0,26.0,40.0,元/公斤
山东省,桃子,3.0,4.0,6.5,元/公斤
山东省,梨,4.199999999999999,5.5,7.6,元/公斤
山东省,梭子蟹,120.0,180.0,260.0,元/公斤
山东省,樱桃,24.0,37.0,50.0,元/公斤
山东省,樱桃西红柿,4.333333333333333,5.653333333333333,8.200000000000001,元/公斤
山东省,橙子,6.666666666666667,8.0,9.0,元/公斤
山东省,毛豆,4.75,5.32,5.6,元/公斤
山东省,油菜,4.82,5.75,6.095,元/公斤
山东省,油麦菜,4.336,6.426666666666667,7.396000000000001,元/公斤
山东省,泥鳅,26.0,28.0,30.0,元/公斤
山东省,洋白菜,1.6375,2.3475,2.7625,元/公斤
山东省,活草鱼,17.0,18.75,19.5,元/公斤
山东省,活鲤鱼,16.5,16.5,18.666666666666668,元/公斤
山东省,活鲫鱼,20.666666666666668,25.5,23.833333333333332,元/公斤
山东省,海参,80.0,90.0,110.0,元/公斤
山东省,海蛎,10.0,12.0,14.0,元/公斤
山东省,火龙果,5.8,6.4,8.0,元/公斤
山东省,牛肉,64.66666666666667,65.125,69.08333333333333,元/公斤
山东省,特一粉,4.2,4.2,4.2,元/公斤
山东省,特小凤西瓜,5.0,6.0,7.0,元/公斤
山东省,猕猴桃,7.866666666666667,9.333333333333334,13.333333333333334,元/公斤
山东省,猪前腿肌肉,25.0,25.0,25.0,元/公斤
山东省,猪后腿肌肉,25.0,25.0,25.0,元/公斤
山东省,猪肉,22.0,23.0,24.0,元/公斤
山东省,猪肉(白条猪),19.733333333333334,20.96666666666667,21.8,元/公斤
山东省,玉米制品,5.4,6.0,6.9,元/公斤
山东省,玫瑰香葡萄,13.0,14.0,20.0,元/公斤
山东省,瓠子,,2.6,,元/公斤
山东省,甘蓝,,2.1,,元/公斤
山东省,甘蔗,3.0,3.7,4.4,元/公斤
山东省,甜橙,8.0,9.0,13.0,元/公斤
山东省,甜瓜,3.6,4.8,6.8,元/公斤
山东省,生姜,6.554285714285713,7.865185185185185,9.035238095238096,元/公斤
山东省,生菜,5.096666666666667,6.2975,7.168333333333333,元/公斤
山东省,甲鱼,,64.0,,元/公斤
山东省,白条鸡,16.0,16.266666666666666,25.0,元/公斤
山东省,白萝卜,1.375,1.8227777777777778,1.9733333333333334,元/公斤
山东省,白蒜5.0公分,6.9,6.95,7.0,元/公斤
山东省,白蒜6.0公分,7.1,7.2,7.3,元/公斤
山东省,白鲢活鱼,11.0,12.0,15.0,元/公斤
山东省,白鳝鱼,80.0,80.0,86.0,元/公斤
山东省,石斑鱼,100.0,100.0,116.0,元/公斤
山东省,石榴,7.0,8.0,8.0,元/公斤
山东省,秦冠苹果,7.0,8.0,10.0,元/公斤
山东省,粳米(普通),5.2,5.6,6.6,元/公斤
山东省,红尖椒,4.0,6.0,6.0,元/公斤
山东省,红提子,7.0,8.25,13.0,元/公斤
山东省,红椒,1.0,4.35,7.0,元/公斤
山东省,红萝卜,1.4,2.2,3.0,元/公斤
山东省,红蒜5.0公分,5.5,5.6,5.7,元/公斤
山东省,红蒜6.0公分,5.9,6.15,6.4,元/公斤
山东省,绿豆芽,2.05,2.2,2.45,元/公斤
山东省,羊肉,66.5,70.375,77.0,元/公斤
山东省,胡萝卜,1.4133333333333333,1.78125,2.2383333333333333,元/公斤
山东省,良薯,1.8666666666666665,2.8433333333333333,4.666666666666667,元/公斤
山东省,芋头,3.5,4.0,4.800000000000001,元/公斤
山东省,芒果,7.8,9.76,11.72,元/公斤
山东省,芒果(红象牙9号),3.0,4.0,8.0,元/公斤
山东省,花生油,20.666666666666668,22.53333333333333,25.166666666666668,元/公斤
山东省,花鲢活鱼,18.5,19.5,21.0,元/公斤
山东省,芸豆（鲜食）,5.25,6.949999999999999,7.55,元/公斤
山东省,芹菜,2.876,3.577142857142857,4.266,元/公斤
山东省,苦瓜,2.6333333333333333,3.325,4.7,元/公斤
山东省,苹果,6.566666666666666,9.133333333333333,12.966666666666667,元/公斤
山东省,茄子,3.32,3.6,4.3575,元/公斤
山东省,茴香,3.3,7.3999999999999995,5.8,元/公斤
山东省,茼蒿,6.763333333333333,7.8805555555555555,9.13,元/公斤
山东省,草莓,6.5,8.0,15.0,元/公斤
山东省,莲藕,4.333333333333333,5.506666666666667,6.377777777777777,元/公斤
山东省,莴笋,1.9555555555555557,2.814166666666667,3.02,元/公斤
山东省,菜瓜,3.0,3.6,5.0,元/公斤
山东省,菜花,4.226000000000001,5.645833333333333,5.946,元/公斤
山东省,菠菜,10.645999999999999,12.90857142857143,13.656,元/公斤
山东省,菠萝,4.6000000000000005,5.7,7.0,元/公斤
山东省,萝卜,0.55,0.9,1.5,元/公斤
山东省,葱,2.09,2.8,3.24,元/公斤
山东省,葱头,0.842,1.3507142857142858,1.562,元/公斤
山东省,葵花籽,12.0,16.0,28.0,元/公斤
山东省,蒜苗,3.5,4.2,6.0,元/公斤
山东省,蒜薹,3.4008333333333334,4.5675,6.055,元/公斤
山东省,蘑菇,5.111111111111112,6.166666666666667,6.888888888888888,元/公斤
山东省,蛇果,8.5,9.75,13.0,元/公斤
山东省,蛤蜊,7.0,9.0,11.0,元/公斤
山东省,西兰花,4.4944444444444445,5.343333333333334,8.133333333333333,元/公斤
山东省,西瓜,1.325,2.8499999999999996,4.0,元/公斤
山东省,西红柿,2.882857142857143,4.029,4.79,元/公斤
山东省,西葫芦,1.9833333333333334,3.255,4.625,元/公斤
山东省,豆角,3.4799999999999995,4.652380952380952,5.093333333333333,元/公斤
山东省,豇豆,3.0,4.0,5.5,元/公斤
山东省,酥梨,2.0,3.0,3.0,元/公斤
山东省,金针菇,4.5,5.55,5.833333333333333,元/公斤
山东省,银耳,20.0,25.0,30.0,元/公斤
山东省,长茄子,0.85,1.7174999999999998,2.5,元/公斤
山东省,雪梨,3.7,4.1,4.800000000000001,元/公斤
山东省,青椒,4.546,5.6,6.516,元/公斤
山东省,青萝卜,1.6,2.1,2.8,元/公斤
山东省,面粉,4.3,5.666666666666667,7.533333333333334,元/公斤
山东省,韭苔,2.5,3.8,4.5,元/公斤
山东省,韭菜,2.75,4.1499999999999995,4.7625,元/公斤
山东省,香梨,4.5,5.5,7.5,元/公斤
山东省,香油,44.0,44.0,44.0,元/公斤
山东省,香瓜,2.3,3.3,7.0,元/公斤
山东省,香菇,7.5,9.012222222222222,11.233333333333333,元/公斤
山东省,香菜,6.222222222222221,9.233333333333334,9.822222222222223,元/公斤
山东省,香蕉,3.55,4.37,6.36,元/公斤
山东省,高辣小椒（新一代）,30.0,30.5,31.0,元/公斤
山东省,鲅鱼,38.0,38.0,44.0,元/公斤
山东省,鲈鱼,45.0,47.0,60.0,元/公斤
山东省,鲍鱼,80.0,80.0,86.0,元/公斤
山东省,鲜食玉米,2.0,3.0,4.6,元/公斤
山东省,鲳鱼,100.0,110.0,120.0,元/公斤
山东省,鸡蛋,6.86,7.15,7.348888888888889,元/公斤
山东省,鸭梨,5.0,5.6,7.0,元/公斤
山东省,麒麟西瓜,2.0,2.6,4.5,元/公斤
山东省,黄瓜,3.8757142857142854,5.636,6.968571428571429,元/公斤
山东省,黄豆芽,2.4,2.4,2.4,元/公斤
山东省,黄鳝,68.0,70.0,70.0,元/公斤
山东省,黑木耳,80.0,80.0,80.0,元/公斤
山东省,黑美人西瓜,3.5,3.8,4.5,元/公斤
山东省,黑鱼,,28.0,,元/公斤
山东省,龙眼(桂圆),11.333333333333334,14.0,22.666666666666668,元/公斤
山东省,龙眼葡萄,4.0,6.0,13.0,元/公斤
山西省,一级豆油(散装),7.6,7.8,8.0,元/公斤
山西省,丝瓜,7.3,7.8625,8.3875,元/公斤
山西省,乌鸡,18.0,19.0,20.0,元/公斤
山西省,人参果,10.0,11.0,12.0,元/公斤
山西省,佛手瓜,7.0,8.5,10.0,元/公斤
山西省,冬枣,16.0,19.0,22.0,元/公斤
山西省,冬瓜,1.4300000000000002,1.5,1.95,元/公斤
山西省,南瓜,2.73,2.7833333333333337,3.1,元/公斤
山西省,哈密瓜,4.083333333333333,4.733333333333333,5.933333333333334,元/公斤
山西省,圆茄子,2.475,2.8625,3.25,元/公斤
山西省,土豆,1.7,1.8062500000000001,2.2,元/公斤
山西省,大枣,17.0,21.5,25.0,元/公斤
山西省,大白菜,1.53,1.71875,2.02,元/公斤
山西省,大米,4.75,5.0,5.25,元/公斤
山西省,大葱,2.2800000000000002,2.34375,2.88,元/公斤
山西省,大蒜,8.15,8.214285714285714,9.0,元/公斤
山西省,大豆,7.0,7.5,8.0,元/公斤
山西省,富士苹果,9.325,10.7,11.775,元/公斤
山西省,小白菜,5.75,6.0,6.2,元/公斤
山西省,小葱,4.4,4.45,4.5,元/公斤
山西省,尖椒,4.333333333333333,4.2625,4.8999999999999995,元/公斤
山西省,山楂,5.6,6.15,6.75,元/公斤
山西省,山竹,24.5,27.8,30.125,元/公斤
山西省,山药,5.65,5.975,6.3,元/公斤
山西省,巨峰葡萄,10.0,11.0,12.0,元/公斤
山西省,带鱼,34.0,35.0,36.0,元/公斤
山西省,平菇,6.7,7.15,8.333333333333334,元/公斤
山西省,开心果,75.5,83.0,91.0,元/公斤
山西省,木瓜,8.333333333333334,9.833333333333334,11.0,元/公斤
山西省,杏仁,64.0,72.0,80.0,元/公斤
山西省,杏鲍菇,6.3,6.7,7.1,元/公斤
山西省,条形辣椒干（小米椒）,16.0,16.5,17.0,元/公斤
山西省,杨桃,9.0,10.0,12.0,元/公斤
山西省,枇杷,28.0,29.0,30.0,元/公斤
山西省,柚子,2.4,6.2,10.0,元/公斤
山西省,柠檬,15.25,17.4,19.55,元/公斤
山西省,柿子,4.6,5.8,7.0,元/公斤
山西省,核桃,21.5,26.25,30.5,元/公斤
山西省,桃子,4.5,4.7,5.2,元/公斤
山西省,梨,9.0,9.5,10.0,元/公斤
山西省,榴莲,40.5,46.8,51.0,元/公斤
山西省,樱桃西红柿,7.0,7.5,8.0,元/公斤
山西省,橘、柑,17.0,17.5,18.0,元/公斤
山西省,橙子,8.8,10.125,11.5,元/公斤
山西省,武昌鱼,24.0,25.0,26.0,元/公斤
山西省,水萝卜,4.3,5.4,6.5,元/公斤
山西省,油桃,6.7,7.85,9.0,元/公斤
山西省,油菜,4.32,5.15625,5.15,元/公斤
山西省,油麦菜,7.275,7.9125,8.7625,元/公斤
山西省,泥鳅,28.0,29.0,30.0,元/公斤
山西省,洋白菜,1.7125,1.875,2.375,元/公斤
山西省,活草鱼,18.5,19.25,20.0,元/公斤
山西省,活鲤鱼,16.0,16.75,17.5,元/公斤
山西省,活鲫鱼,14.0,15.0,16.0,元/公斤
山西省,淡水鲈鱼,52.0,53.0,54.0,元/公斤
山西省,火龙果,7.7,8.766666666666667,9.5,元/公斤
山西省,牛肉,74.0,75.0,76.0,元/公斤
山西省,特小凤西瓜,2.5,2.8,3.2,元/公斤
山西省,猕猴桃,6.7,7.6,11.925,元/公斤
山西省,猪肉,25.5,26.25,27.0,元/公斤
山西省,猪肉(白条猪),,22.0,,元/公斤
山西省,甘蓝,1.4,1.55,1.7000000000000002,元/公斤
山西省,生姜,9.5,9.6625,10.6,元/公斤
山西省,生菜,4.62,4.51875,5.529999999999999,元/公斤
山西省,白条鸡,22.0,23.0,24.0,元/公斤
山西省,白萝卜,1.7399999999999998,1.66875,2.08,元/公斤
山西省,石榴,8.0,11.0,14.0,元/公斤
山西省,砂糖橘,10.1,11.4,11.6,元/公斤
山西省,空心菜,5.6000000000000005,6.5,7.533333333333334,元/公斤
山西省,红尖椒,9.066666666666666,9.933333333333334,11.133333333333333,元/公斤
山西省,红提子,7.25,8.5,14.5,元/公斤
山西省,红枣,6.0,10.0,20.0,元/公斤
山西省,红椒,8.0,8.333333333333334,8.666666666666666,元/公斤
山西省,红毛丹,24.0,30.0,36.0,元/公斤
山西省,红萝卜,1.8,1.9,2.2,元/公斤
山西省,线椒(皱椒),8.0,8.5,9.0,元/公斤
山西省,绿尖椒,2.6,2.8,3.0,元/公斤
山西省,绿豆,14.0,14.5,15.0,元/公斤
山西省,网纹瓜,7.0,8.5,10.0,元/公斤
山西省,羊肉,68.0,69.0,70.0,元/公斤
山西省,胡萝卜,2.12,2.1999999999999997,2.56,元/公斤
山西省,脐橙,5.7,7.35,11.0,元/公斤
山西省,腰果,56.0,73.0,90.0,元/公斤
山西省,良薯,3.0,3.0,3.0,元/公斤
山西省,芋头,10.0,10.5,11.0,元/公斤
山西省,芒果,8.25,10.2,12.85,元/公斤
山西省,花生,12.5,14.25,16.0,元/公斤
山西省,芹菜,3.12,3.68125,3.9200000000000004,元/公斤
山西省,苦瓜,4.2299999999999995,4.67,5.42,元/公斤
山西省,苹果,7.875,9.55,11.725,元/公斤
山西省,茄子,2.0,2.08,2.6,元/公斤
山西省,茭白,12.0,12.5,13.0,元/公斤
山西省,茴香,6.25,6.55,6.85,元/公斤
山西省,茼蒿,7.75,8.3125,8.8875,元/公斤
山西省,草莓,23.6,25.6,28.1,元/公斤
山西省,荔枝,12.1,12.85,13.5,元/公斤
山西省,荷兰豆,20.0,21.5,23.0,元/公斤
山西省,莲藕,6.525,6.699999999999999,7.199999999999999,元/公斤
山西省,莴笋,3.95,3.56,4.375,元/公斤
山西省,菜花,5.1899999999999995,5.31875,5.9,元/公斤
山西省,菠菜,10.620000000000001,10.383333333333333,12.2,元/公斤
山西省,菠萝,6.433333333333334,7.083333333333333,7.583333333333333,元/公斤
山西省,菠萝蜜,8.0,9.5,11.0,元/公斤
山西省,葡萄,6.775,8.0,9.65,元/公斤
山西省,葡萄干(通货),16.0,19.0,22.0,元/公斤
山西省,葱头,1.4,1.4375,1.8199999999999998,元/公斤
山西省,葵花籽,13.0,16.0,18.0,元/公斤
山西省,蒜苗,4.933333333333334,5.316666666666666,5.7,元/公斤
山西省,蒜薹,5.38,5.40625,6.12,元/公斤
山西省,蘑菇,8.0,8.5,9.0,元/公斤
山西省,蛇果,9.0,10.0,12.0,元/公斤
山西省,蜜桔,6.25,7.5,10.0,元/公斤
山西省,蟠桃,10.0,10.5,11.0,元/公斤
山西省,西兰花,9.125,9.8625,10.525,元/公斤
山西省,西洋芹,7.0,7.0,7.0,元/公斤
山西省,西瓜,1.3333333333333333,1.7666666666666666,2.9333333333333336,元/公斤
山西省,西红柿,3.34,3.33125,4.14,元/公斤
山西省,西葫芦,2.4699999999999998,2.9,3.08,元/公斤
山西省,豆角,5.220000000000001,5.4625,6.220000000000001,元/公斤
山西省,豇豆,6.0,6.0,6.0,元/公斤
山西省,酥梨,3.75,4.45,4.949999999999999,元/公斤
山西省,金针菇,4.575,5.15,5.6,元/公斤
山西省,银耳,70.0,75.0,80.0,元/公斤
山西省,长茄子,3.75,4.15,4.55,元/公斤
山西省,青提子,5.0,8.0,11.0,元/公斤
山西省,青椒,3.6799999999999997,3.59375,4.34,元/公斤
山西省,青苹果,4.0,4.8,5.6,元/公斤
山西省,面粉,3.9000000000000004,4.05,4.25,元/公斤
山西省,韭菜,4.2,4.23125,4.9399999999999995,元/公斤
山西省,香梨,6.2,6.5,6.8,元/公斤
山西省,香油,32.0,36.0,40.0,元/公斤
山西省,香瓜,5.55,6.15,6.75,元/公斤
山西省,香菇,11.125,12.2875,13.4,元/公斤
山西省,香菜,10.7875,12.47,12.35,元/公斤
山西省,香蕉,5.0125,5.5,6.0,元/公斤
山西省,鲢鱼,12.0,13.0,14.0,元/公斤
山西省,鸡腿菇,8.0,8.0,8.0,元/公斤
山西省,鸡蛋,6.7,6.825,7.0,元/公斤
山西省,鸭肉,12.0,13.0,14.0,元/公斤
山西省,鸭蛋,15.0,15.5,16.0,元/公斤
山西省,麒麟西瓜,3.0,4.0,5.0,元/公斤
山西省,黄瓜,4.4399999999999995,4.59375,4.959999999999999,元/公斤
山西省,黄鱼,46.0,48.0,50.0,元/公斤
山西省,黄鳝,90.0,95.0,100.0,元/公斤
山西省,黑木耳,52.0,56.0,60.0,元/公斤
山西省,黑美人西瓜,2.4,2.8,3.2,元/公斤
山西省,黑鱼,22.0,23.0,24.0,元/公斤
山西省,龙眼(乌圆),10.0,11.3,12.2,元/公斤
山西省,龙眼(桂圆),8.0,11.0,14.0,元/公斤
广东省,丝瓜,4.4,5.4,6.4,元/公斤
广东省,冬瓜,1.0999999999999999,1.5266666666666666,2.3666666666666667,元/公斤
广东省,加吉鱼,46.0,46.0,48.0,元/公斤
广东省,南瓜,1.4333333333333333,1.8733333333333333,3.266666666666667,元/公斤
广东省,哈密瓜,5.0,6.0,7.0,元/公斤
广东省,土豆,1.8666666666666665,2.9966666666666666,3.8000000000000003,元/公斤
广东省,大白菜,1.5999999999999999,2.9066666666666667,5.0,元/公斤
广东省,大葱,2.9000000000000004,3.875,4.9,元/公斤
广东省,大豆,4.6,4.7,5.2,元/公斤
广东省,富士苹果,8.5,11.0,13.5,元/公斤
广东省,小白菜,2.8,5.8,8.8,元/公斤
广东省,小葱,4.0,5.7,7.4,元/公斤
广东省,小黄花鱼,22.0,23.0,23.5,元/公斤
广东省,尖椒,3.0,3.6,4.2,元/公斤
广东省,山药,7.2,8.7,10.2,元/公斤
广东省,带鱼,29.0,30.0,31.0,元/公斤
广东省,平菇,4.6,6.5,8.4,元/公斤
广东省,杨桃,4.0,5.0,6.0,元/公斤
广东省,柠檬,9.0,9.5,10.0,元/公斤
广东省,樱桃,40.0,50.0,60.0,元/公斤
广东省,橘、柑,5.0,6.0,7.0,元/公斤
广东省,橙子,7.0,8.0,9.0,元/公斤
广东省,毛豆,6.4,7.1,7.8,元/公斤
广东省,油菜,3.0333333333333337,4.983333333333333,7.566666666666666,元/公斤
广东省,洋白菜,1.55,2.025,2.6,元/公斤
广东省,淡菜,40.0,44.0,44.0,元/公斤
广东省,火龙果,5.0,6.0,7.0,元/公斤
广东省,牛肉,69.6,73.5,82.5,元/公斤
广东省,猪前腿肌肉,20.0,21.0,21.5,元/公斤
广东省,猪后腿肌肉,18.5,20.0,20.5,元/公斤
广东省,猪大排肌肉,21.2,21.5,21.7,元/公斤
广东省,猪肉(白条猪),18.2,19.3,22.7,元/公斤
广东省,猪肚,30.0,30.0,31.0,元/公斤
广东省,猴头菇,4.6,6.1,7.6,元/公斤
广东省,甘蓝,2.4,3.4,4.4,元/公斤
广东省,生姜,6.1,8.5,11.8,元/公斤
广东省,生菜,2.8333333333333335,4.266666666666667,5.8999999999999995,元/公斤
广东省,白条鸡,16.3,17.35,20.35,元/公斤
广东省,白梨,7.0,8.0,9.0,元/公斤
广东省,白皮鸡蛋,7.6,7.8,8.0,元/公斤
广东省,白萝卜,1.0333333333333334,1.5066666666666666,2.0,元/公斤
广东省,空心菜,3.4,4.7,6.0,元/公斤
广东省,籼米(晚籼米),4.24,4.52,4.96,元/公斤
广东省,粳米(普通),4.6,4.8,5.0,元/公斤
广东省,紫菜,43.0,45.0,46.5,元/公斤
广东省,红小豆,12.5,13.3,14.0,元/公斤
广东省,红尖椒,8.0,9.3,10.6,元/公斤
广东省,红皮鸡蛋,7.5,7.7,7.9,元/公斤
广东省,绿尖椒,2.8,3.7,4.6,元/公斤
广东省,绿豆,8.7,9.6,10.6,元/公斤
广东省,羊肉,43.7,52.2,68.5,元/公斤
广东省,胡萝卜,1.5666666666666667,2.2933333333333334,2.8000000000000003,元/公斤
广东省,芋头,3.4,3.7,4.0,元/公斤
广东省,芒果,5.0,6.0,7.0,元/公斤
广东省,芝麻(白芝麻),12.4,12.9,14.0,元/公斤
广东省,花生仁,9.6,11.05,11.5,元/公斤
广东省,芹菜,3.233333333333333,4.95,7.966666666666666,元/公斤
广东省,苋菜,3.6,4.8,6.0,元/公斤
广东省,苦瓜,3.2,4.3,5.4,元/公斤
广东省,苹果,10.0,11.0,12.0,元/公斤
广东省,茄子,2.4666666666666663,3.516666666666667,5.3999999999999995,元/公斤
广东省,茼蒿,2.4,4.5,6.6,元/公斤
广东省,荷兰豆,9.0,10.4,11.8,元/公斤
广东省,莲藕,3.8333333333333335,5.683333333333334,7.3999999999999995,元/公斤
广东省,莴笋,1.9333333333333333,2.8733333333333335,4.1000000000000005,元/公斤
广东省,菜瓜,4.4,4.8,5.2,元/公斤
广东省,菜花,3.1333333333333333,4.683333333333334,6.133333333333333,元/公斤
广东省,菠菜,5.8999999999999995,8.816666666666666,11.166666666666666,元/公斤
广东省,菠萝,3.25,4.75,6.25,元/公斤
广东省,葱头,1.4,2.305,3.2,元/公斤
广东省,蒜苗,5.0,6.4,7.8,元/公斤
广东省,蒜薹,5.266666666666667,8.116666666666667,9.799999999999999,元/公斤
广东省,西兰花,4.4,4.8,5.2,元/公斤
广东省,西洋芹,2.8,4.2,5.6,元/公斤
广东省,西瓜,2.25,4.0649999999999995,5.875,元/公斤
广东省,西红柿,3.1,4.55,5.8999999999999995,元/公斤
广东省,西葫芦,2.5,3.75,5.0,元/公斤
广东省,豆角,4.8999999999999995,5.95,7.3999999999999995,元/公斤
广东省,连尖,19.5,20.0,20.4,元/公斤
广东省,金针菇,3.8,5.5,7.2,元/公斤
广东省,青椒,3.3000000000000003,4.683333333333334,6.466666666666666,元/公斤
广东省,青笋,2.6,3.1,3.6,元/公斤
广东省,韭菜,3.466666666666667,5.283333333333333,7.466666666666666,元/公斤
广东省,韭菜花,22.0,23.0,24.0,元/公斤
广东省,韭黄,10.8,10.9,11.0,元/公斤
广东省,香菇,9.8,10.175,10.55,元/公斤
广东省,香菜,4.8,6.6,8.4,元/公斤
广东省,香蕉,2.875,4.1899999999999995,5.5,元/公斤
广东省,马蹄,5.0,5.7,6.4,元/公斤
广东省,鮸鱼,22.0,22.0,22.0,元/公斤
广东省,鸡蛋,6.5,7.7,9.3,元/公斤
广东省,鸭梨,7.0,8.0,9.0,元/公斤
广东省,黄瓜,2.566666666666667,3.75,5.2,元/公斤
广东省,黄肚仔,31.5,32.5,33.5,元/公斤
广西壮族自治区,冬瓜,1.6,2.2,2.8,元/公斤
广西壮族自治区,南瓜,2.0,2.5,3.0,元/公斤
广西壮族自治区,土豆,2.6,3.0,3.4,元/公斤
广西壮族自治区,大带鱼,22.0,30.0,38.0,元/公斤
广西壮族自治区,大白菜,1.0,1.3,1.6,元/公斤
广西壮族自治区,大葱,4.0,4.3,4.6,元/公斤
广西壮族自治区,大蒜,7.0,8.0,9.0,元/公斤
广西壮族自治区,富士苹果,7.0,8.8,10.6,元/公斤
广西壮族自治区,桂七,1.4,3.8,4.6,元/公斤
广西壮族自治区,樱桃西红柿,1.4,3.8,4.2,元/公斤
广西壮族自治区,油菜,4.0,4.5,5.0,元/公斤
广西壮族自治区,洋白菜,1.4,1.7,2.0,元/公斤
广西壮族自治区,活草鱼,13.0,14.5,16.0,元/公斤
广西壮族自治区,活鲤鱼,13.0,14.5,16.0,元/公斤
广西壮族自治区,活鲫鱼,18.0,21.0,24.0,元/公斤
广西壮族自治区,热农芒果,1.2,3.0,3.8,元/公斤
广西壮族自治区,牛肉,66.0,68.0,70.0,元/公斤
广西壮族自治区,猪肉(白条猪),17.6,18.1,18.6,元/公斤
广西壮族自治区,生姜,10.0,11.0,12.0,元/公斤
广西壮族自治区,生菜,2.8,3.2,3.6,元/公斤
广西壮族自治区,白条鸡,20.0,26.0,32.0,元/公斤
广西壮族自治区,白萝卜,2.0,2.5,3.0,元/公斤
广西壮族自治区,白鲢活鱼,8.5,9.25,10.0,元/公斤
广西壮族自治区,羊肉,56.0,60.0,64.0,元/公斤
广西壮族自治区,胡萝卜,2.4,2.7,3.0,元/公斤
广西壮族自治区,芒果(台农一号),1.4,4.0,5.0,元/公斤
广西壮族自治区,芒果(红象牙9号),1.6,2.5,2.8,元/公斤
广西壮族自治区,芒果(金煌芒),1.2,3.8,5.6,元/公斤
广西壮族自治区,花鲢活鱼,12.0,13.5,15.0,元/公斤
广西壮族自治区,芹菜,3.6,4.0,4.4,元/公斤
广西壮族自治区,茄子,3.0,3.0,3.0,元/公斤
广西壮族自治区,莲藕,2.0,3.8,5.6,元/公斤
广西壮族自治区,莴笋,5.0,5.5,6.0,元/公斤
广西壮族自治区,菜花,5.0,5.5,6.0,元/公斤
广西壮族自治区,菠萝,4.0,4.3,4.6,元/公斤
广西壮族自治区,葱头,2.4,2.7,3.0,元/公斤
广西壮族自治区,蒜薹,9.4,10.2,11.0,元/公斤
广西壮族自治区,西瓜,1.6,2.85,3.9000000000000004,元/公斤
广西壮族自治区,西红柿,2.8,4.25,4.8,元/公斤
广西壮族自治区,西葫芦,3.4,4.0,4.6,元/公斤
广西壮族自治区,豆角,5.0,5.8,6.6,元/公斤
广西壮族自治区,青椒,3.6,4.0,4.4,元/公斤
广西壮族自治区,韭菜,2.0,2.5,3.0,元/公斤
广西壮族自治区,香菇,9.0,11.0,13.0,元/公斤
广西壮族自治区,香蕉,3.0,3.7,4.4,元/公斤
广西壮族自治区,鸡蛋,8.4,8.7,9.0,元/公斤
广西壮族自治区,鸭梨,5.8,6.4,7.0,元/公斤
新疆维吾尔自治区,三黄鸡,18.0,18.5,19.0,元/公斤
新疆维吾尔自治区,丝瓜,5.111111111111112,6.583333333333333,8.166666666666666,元/公斤
新疆维吾尔自治区,乌鸡,25.0,26.0,27.0,元/公斤
新疆维吾尔自治区,京欣西瓜,4.0,5.0,5.5,元/公斤
新疆维吾尔自治区,人参果,7.0,8.0,9.0,元/公斤
新疆维吾尔自治区,人工甲鱼,62.0,72.0,85.0,元/公斤
新疆维吾尔自治区,伽师瓜,2.9,3.15,3.4,元/公斤
新疆维吾尔自治区,佛手瓜,4.5,5.0,5.5,元/公斤
新疆维吾尔自治区,儿菜,9.0,10.0,10.0,元/公斤
新疆维吾尔自治区,冬枣,16.5,17.0,17.5,元/公斤
新疆维吾尔自治区,冬瓜,1.6566666666666667,1.9883333333333333,2.8,元/公斤
新疆维吾尔自治区,南瓜,2.54,3.1366666666666667,3.658333333333333,元/公斤
新疆维吾尔自治区,哈密瓜,3.5,3.75,4.333333333333333,元/公斤
新疆维吾尔自治区,四季柚,6.0,6.0,,元/公斤
新疆维吾尔自治区,圆茄子,2.658333333333333,3.5708333333333333,7.455555555555556,元/公斤
新疆维吾尔自治区,土豆,2.263333333333333,2.558333333333333,3.783333333333333,元/公斤
新疆维吾尔自治区,夏威夷果,50.0,55.0,60.0,元/公斤
新疆维吾尔自治区,大带鱼,40.0,50.0,60.0,元/公斤
新疆维吾尔自治区,大枣,33.0,35.0,40.0,元/公斤
新疆维吾尔自治区,大白菜,1.3666666666666667,1.7920000000000003,2.5708333333333333,元/公斤
新疆维吾尔自治区,大米,5.375,6.275,6.45,元/公斤
新疆维吾尔自治区,大葱,2.75,3.4516666666666667,4.966666666666667,元/公斤
新疆维吾尔自治区,大蒜,9.833333333333332,10.583333333333332,12.375,元/公斤
新疆维吾尔自治区,大豆,6.766666666666667,7.433333333333334,8.15,元/公斤
新疆维吾尔自治区,大黄花鱼,47.666666666666664,51.333333333333336,60.0,元/公斤
新疆维吾尔自治区,富士苹果,9.2,11.0,13.875,元/公斤
新疆维吾尔自治区,小白菜,3.0,3.35,5.625,元/公斤
新疆维吾尔自治区,小葱,4.125,4.8125,10.0,元/公斤
新疆维吾尔自治区,小黄花鱼,43.0,44.0,45.0,元/公斤
新疆维吾尔自治区,尖椒,2.6444444444444444,3.011111111111111,3.5833333333333335,元/公斤
新疆维吾尔自治区,山楂,8.75,9.375,9.75,元/公斤
新疆维吾尔自治区,山竹,40.0,45.0,55.0,元/公斤
新疆维吾尔自治区,山药,6.104166666666667,6.75,6.861111111111111,元/公斤
新疆维吾尔自治区,巨峰葡萄,13.125,15.375,16.166666666666668,元/公斤
新疆维吾尔自治区,巴旦杏,45.0,45.0,,元/公斤
新疆维吾尔自治区,平菇,8.041666666666666,9.25,13.166666666666666,元/公斤
新疆维吾尔自治区,开心果,80.0,90.0,100.0,元/公斤
新疆维吾尔自治区,心里美萝卜,1.6,1.7,1.8,元/公斤
新疆维吾尔自治区,扇贝,88.0,98.0,108.0,元/公斤
新疆维吾尔自治区,折耳根(鱼腥草),16.0,18.5,13.0,元/公斤
新疆维吾尔自治区,排酸牛肉,71.0,71.0,,元/公斤
新疆维吾尔自治区,木瓜,10.0,11.0,11.0,元/公斤
新疆维吾尔自治区,木耳菜,3.0,3.0,,元/公斤
新疆维吾尔自治区,杏仁,50.0,55.0,60.0,元/公斤
新疆维吾尔自治区,杏子,10.0,12.5,15.0,元/公斤
新疆维吾尔自治区,杏鲍菇,7.5,7.5,6.0,元/公斤
新疆维吾尔自治区,松子,100.0,120.0,120.0,元/公斤
新疆维吾尔自治区,板栗,5.5,6.0,6.5,元/公斤
新疆维吾尔自治区,枇杷,16.0,18.0,20.0,元/公斤
新疆维吾尔自治区,枸杞子,75.0,80.0,,元/公斤
新疆维吾尔自治区,柚子,9.5,10.5,13.0,元/公斤
新疆维吾尔自治区,柠檬,13.0,16.0,19.0,元/公斤
新疆维吾尔自治区,柿子,9.0,9.25,10.0,元/公斤
新疆维吾尔自治区,标准粉,4.4,4.5,4.6,元/公斤
新疆维吾尔自治区,核桃,18.333333333333332,20.833333333333332,24.5,元/公斤
新疆维吾尔自治区,核桃(新温185),28.0,30.0,30.0,元/公斤
新疆维吾尔自治区,桃子,8.75,11.0,13.666666666666666,元/公斤
新疆维吾尔自治区,椰子,9.0,10.0,10.0,元/个
新疆维吾尔自治区,榛子,63.0,65.0,68.0,元/公斤
新疆维吾尔自治区,榴莲,38.0,41.0,43.0,元/公斤
新疆维吾尔自治区,樱桃,38.0,40.0,43.0,元/公斤
新疆维吾尔自治区,樱桃西红柿,8.5,12.5,20.0,元/公斤
新疆维吾尔自治区,橙子,15.0,15.0,,元/公斤
新疆维吾尔自治区,武昌鱼,28.0,30.0,35.0,元/公斤
新疆维吾尔自治区,沃柑,6.0,7.0,8.0,元/公斤
新疆维吾尔自治区,油桃,6.0,8.0,9.0,元/公斤
新疆维吾尔自治区,油菜,3.0,3.4166666666666665,5.5555555555555545,元/公斤
新疆维吾尔自治区,油麦菜,4.5,4.966666666666667,6.791666666666667,元/公斤
新疆维吾尔自治区,泥鳅,35.5,37.5,40.5,元/公斤
新疆维吾尔自治区,洋白菜,1.3444444444444443,1.7555555555555555,2.1444444444444444,元/公斤
新疆维吾尔自治区,活草鱼,19.5,20.625,20.5,元/公斤
新疆维吾尔自治区,活鲤鱼,17.375,18.6875,19.333333333333332,元/公斤
新疆维吾尔自治区,活鲫鱼,25.5,26.75,27.666666666666668,元/公斤
新疆维吾尔自治区,活鳜鱼,120.0,130.0,140.0,元/公斤
新疆维吾尔自治区,活鸡,18.0,22.5,26.5,元/公斤
新疆维吾尔自治区,活鸭,22.0,22.5,23.0,元/公斤
新疆维吾尔自治区,海鳗,80.0,90.0,110.0,元/公斤
新疆维吾尔自治区,火龙果,9.666666666666666,12.0,14.5,元/公斤
新疆维吾尔自治区,牛肉,60.125,62.25,64.66666666666667,元/公斤
新疆维吾尔自治区,特一粉,4.0,4.3,4.7,元/公斤
新疆维吾尔自治区,特小凤西瓜,4.5,5.0,6.0,元/公斤
新疆维吾尔自治区,猕猴桃,15.333333333333334,18.666666666666668,19.5,元/公斤
新疆维吾尔自治区,猪前腿肌肉,18.5,19.75,21.5,元/公斤
新疆维吾尔自治区,猪后腿肌肉,18.5,19.75,21.5,元/公斤
新疆维吾尔自治区,猪大排肌肉,25.0,26.25,28.5,元/公斤
新疆维吾尔自治区,猪皮,10.0,10.5,11.0,元/公斤
新疆维吾尔自治区,猪肉,20.0,21.0,,元/公斤
新疆维吾尔自治区,猪肉(白条猪),18.5,20.375,23.25,元/公斤
新疆维吾尔自治区,猪颈背肌肉,24.0,25.0,26.75,元/公斤
新疆维吾尔自治区,甘蓝,1.0,1.225,2.55,元/公斤
新疆维吾尔自治区,甘薯,2.5,3.5,9.0,元/公斤
新疆维吾尔自治区,甜橙,14.0,16.666666666666668,19.0,元/公斤
新疆维吾尔自治区,甜瓜,2.8333333333333335,3.1666666666666665,8.25,元/公斤
新疆维吾尔自治区,生姜,10.233333333333333,11.516666666666667,14.416666666666666,元/公斤
新疆维吾尔自治区,生菜,4.866666666666667,5.533333333333333,7.208333333333334,元/公斤
新疆维吾尔自治区,白条鸡,20.25,21.875,22.666666666666668,元/公斤
新疆维吾尔自治区,白梨,8.0,9.0,10.0,元/公斤
新疆维吾尔自治区,白皮鸡蛋,8.6,8.833333333333334,9.166666666666666,元/公斤
新疆维吾尔自治区,白萝卜,1.8566666666666667,2.1683333333333334,2.9583333333333335,元/公斤
新疆维吾尔自治区,白鲢活鱼,11.0,12.25,12.333333333333334,元/公斤
新疆维吾尔自治区,石斑鱼,110.0,120.0,140.0,元/公斤
新疆维吾尔自治区,石榴,19.5,27.5,12.0,元/公斤
新疆维吾尔自治区,石榴(甜石榴),11.0,15.0,19.0,元/公斤
新疆维吾尔自治区,石榴(酸石榴),13.0,13.0,13.0,元/公斤
新疆维吾尔自治区,砂糖橘,11.0,12.5,16.0,元/公斤
新疆维吾尔自治区,空心菜,4.0,4.0,,元/公斤
新疆维吾尔自治区,粳米(普通),6.65,7.1,7.45,元/公斤
新疆维吾尔自治区,糯米,8.0,9.0,10.0,元/公斤
新疆维吾尔自治区,红城十甜瓜,3.5,4.5,6.0,元/公斤
新疆维吾尔自治区,红小豆,15.5,16.166666666666668,17.0,元/公斤
新疆维吾尔自治区,红尖椒,3.5,5.0,28.0,元/公斤
新疆维吾尔自治区,红提子,11.166666666666666,13.166666666666666,7.75,元/公斤
新疆维吾尔自治区,红枣,25.0,25.0,,元/公斤
新疆维吾尔自治区,红椒,4.5625,4.8375,5.583333333333333,元/公斤
新疆维吾尔自治区,红皮鸡蛋,7.3,7.366666666666667,7.433333333333333,元/公斤
新疆维吾尔自治区,红萝卜,5.0,5.75,5.5,元/公斤
新疆维吾尔自治区,红马奶葡萄干,40.0,60.0,90.0,元/公斤
新疆维吾尔自治区,绿尖椒,3.8,4.8,5.8,元/公斤
新疆维吾尔自治区,绿豆,13.0,13.833333333333334,14.5,元/公斤
新疆维吾尔自治区,绿豆芽,3.0366666666666666,3.371666666666667,3.4458333333333333,元/公斤
新疆维吾尔自治区,绿马奶葡萄干,45.0,50.0,90.0,元/公斤
新疆维吾尔自治区,罗非鱼,22.0,26.0,30.0,元/公斤
新疆维吾尔自治区,羊肉,58.75,60.75,62.0,元/公斤
新疆维吾尔自治区,老母鸡,21.0,22.0,23.0,元/公斤
新疆维吾尔自治区,胡萝卜,1.9733333333333334,2.205,2.7375,元/公斤
新疆维吾尔自治区,脐橙,9.25,15.75,18.75,元/公斤
新疆维吾尔自治区,腰果,58.0,65.0,65.0,元/公斤
新疆维吾尔自治区,良薯,5.0,6.0,,元/公斤
新疆维吾尔自治区,色拉油,13.0,14.0,15.0,元/公斤
新疆维吾尔自治区,芋头,10.916666666666668,12.541666666666668,13.666666666666668,元/公斤
新疆维吾尔自治区,芒果,10.5,14.0,14.666666666666666,元/公斤
新疆维吾尔自治区,芥菜,3.75,3.875,4.5,元/公斤
新疆维吾尔自治区,芦笋,16.0,18.0,18.0,元/公斤
新疆维吾尔自治区,花生仁,15.0,15.5,16.0,元/公斤
新疆维吾尔自治区,花生油,23.3,24.5,26.0,元/公斤
新疆维吾尔自治区,花鲢活鱼,19.0,20.0,18.5,元/公斤
新疆维吾尔自治区,芹菜,2.3233333333333333,2.825,4.304166666666667,元/公斤
新疆维吾尔自治区,苦瓜,4.888888888888889,5.416666666666667,7.333333333333334,元/公斤
新疆维吾尔自治区,苹果,12.0,15.0,,元/公斤
新疆维吾尔自治区,茄子,2.575,3.075,3.6,元/公斤
新疆维吾尔自治区,茭白,16.0,17.0,17.0,元/公斤
新疆维吾尔自治区,茴香,4.0,5.0,5.0,元/公斤
新疆维吾尔自治区,茼蒿,3.416666666666667,4.041666666666666,7.75,元/公斤
新疆维吾尔自治区,草莓,24.0,27.5,22.0,元/公斤
新疆维吾尔自治区,荔枝,17.0,18.5,20.0,元/公斤
新疆维吾尔自治区,荷兰豆,24.0,26.0,28.0,元/公斤
新疆维吾尔自治区,莲藕,9.166666666666668,9.541666666666666,9.944444444444445,元/公斤
新疆维吾尔自治区,莴笋,2.82,3.5666666666666664,5.008333333333333,元/公斤
新疆维吾尔自治区,菜花,3.4333333333333327,4.3,6.333333333333333,元/公斤
新疆维吾尔自治区,菜苔,4.0,4.0,,元/公斤
新疆维吾尔自治区,菠菜,5.783333333333333,7.275,9.791666666666668,元/公斤
新疆维吾尔自治区,菠萝,11.833333333333334,13.666666666666666,15.75,元/公斤
新疆维吾尔自治区,菠萝蜜,9.0,10.0,11.0,元/公斤
新疆维吾尔自治区,萝卜,2.15,2.2,1.5,元/公斤
新疆维吾尔自治区,葡萄,19.25,21.875,9.0,元/公斤
新疆维吾尔自治区,葡萄干(一级),50.0,51.0,52.0,元/公斤
新疆维吾尔自治区,葡萄干(二级),37.0,38.0,39.0,元/公斤
新疆维吾尔自治区,葡萄干(通货),27.5,31.5,39.0,元/公斤
新疆维吾尔自治区,葡萄柚,11.0,12.0,13.0,元/公斤
新疆维吾尔自治区,葱,3.0,4.0,,元/公斤
新疆维吾尔自治区,葱头,1.375,1.7541666666666669,2.3777777777777778,元/公斤
新疆维吾尔自治区,葵花油,13.5,14.0,15.0,元/公斤
新疆维吾尔自治区,蒜苗,4.708333333333334,5.041666666666666,5.111111111111111,元/公斤
新疆维吾尔自治区,蒜薹,5.033333333333333,5.675,8.291666666666668,元/公斤
新疆维吾尔自治区,蘑菇,8.0,8.75,8.0,元/公斤
新疆维吾尔自治区,虹鳟鱼,40.0,50.0,60.0,元/公斤
新疆维吾尔自治区,蛇果,12.0,13.0,13.0,元/公斤
新疆维吾尔自治区,蛏子,40.0,45.0,55.0,元/公斤
新疆维吾尔自治区,蛤蜊,15.0,18.0,22.0,元/公斤
新疆维吾尔自治区,蜜桔,9.0,10.0,12.0,元/公斤
新疆维吾尔自治区,蟠桃,10.0,11.0,8.0,元/公斤
新疆维吾尔自治区,西兰花,4.8,5.516666666666667,8.666666666666668,元/公斤
新疆维吾尔自治区,西洋芹,3.75,4.125,4.5,元/公斤
新疆维吾尔自治区,西瓜,0.8800000000000001,1.28,4.775,元/公斤
新疆维吾尔自治区,西红柿,2.35,2.7816666666666667,4.808333333333334,元/公斤
新疆维吾尔自治区,西葫芦,2.9,3.5800000000000005,5.358333333333333,元/公斤
新疆维吾尔自治区,调和油,16.0,16.7,17.5,元/公斤
新疆维吾尔自治区,豆角,5.55,7.258333333333335,12.208333333333332,元/公斤
新疆维吾尔自治区,豇豆,4.0,4.8125,10.222222222222223,元/公斤
新疆维吾尔自治区,豌豆尖,19.0,21.5,19.0,元/公斤
新疆维吾尔自治区,豌豆苗,17.75,20.5,6.5,元/公斤
新疆维吾尔自治区,辣椒干,45.0,50.0,,元/公斤
新疆维吾尔自治区,金针菇,5.7,6.220000000000001,7.8125,元/公斤
新疆维吾尔自治区,银耳,18.0,18.0,18.0,元/公斤
新疆维吾尔自治区,长茄子,3.45,5.083333333333333,9.166666666666666,元/公斤
新疆维吾尔自治区,雪梨,6.0,7.0,7.5,元/公斤
新疆维吾尔自治区,青冬瓜,2.15,2.15,1.3,元/公斤
新疆维吾尔自治区,青枣,8.0,9.0,11.0,元/公斤
新疆维吾尔自治区,青椒,3.1708333333333334,3.629166666666667,4.2,元/公斤
新疆维吾尔自治区,青笋,2.5,3.0,4.0,元/公斤
新疆维吾尔自治区,青萝卜,1.8,2.0,2.8,元/公斤
新疆维吾尔自治区,面粉,4.2,4.825,4.35,元/公斤
新疆维吾尔自治区,韭苔,14.0,15.0,16.0,元/公斤
新疆维吾尔自治区,韭菜,4.29,5.2316666666666665,6.670833333333333,元/公斤
新疆维吾尔自治区,韭黄,23.5,25.333333333333332,23.25,元/公斤
新疆维吾尔自治区,香梨,9.6875,11.375,14.0,元/公斤
新疆维吾尔自治区,香菇,16.291666666666668,16.958333333333332,17.166666666666668,元/公斤
新疆维吾尔自治区,香菜,6.75,7.75,12.833333333333334,元/公斤
新疆维吾尔自治区,香蕉,5.65,6.2,7.875,元/公斤
新疆维吾尔自治区,马奶葡萄,6.0,8.0,10.0,元/公斤
新疆维吾尔自治区,鲍鱼菇,10.0,12.0,,元/公斤
新疆维吾尔自治区,鲜食玉米,2.0,2.0,2.5,元/公斤
新疆维吾尔自治区,鸡腿菇,6.0,6.0,6.0,元/公斤
新疆维吾尔自治区,鸡蛋,7.725,8.2,8.0,元/公斤
新疆维吾尔自治区,鸭蛋,13.0,14.0,14.0,元/公斤
新疆维吾尔自治区,鹌鹑蛋,12.0,13.0,14.0,元/公斤
新疆维吾尔自治区,麒麟西瓜,6.0,6.0,7.0,元/公斤
新疆维吾尔自治区,黄元帅苹果,9.75,10.25,10.75,元/公斤
新疆维吾尔自治区,黄河蜜,2.0,2.5,3.0,元/公斤
新疆维吾尔自治区,黄瓜,2.9,3.665,5.729166666666667,元/公斤
新疆维吾尔自治区,黄豆芽,3.02,3.4299999999999997,3.65,元/公斤
新疆维吾尔自治区,黄鳝,85.0,90.0,100.0,元/公斤
新疆维吾尔自治区,黑美人西瓜,0.8,1.2,1.3,元/公斤
新疆维吾尔自治区,黑鱼,25.5,26.5,27.0,元/公斤
新疆维吾尔自治区,龙眼(桂圆),11.0,12.0,13.0,元/公斤
江苏省,丝瓜,4.375,5.146,7.875,元/公斤
江苏省,丰水梨,4.0,4.0,4.4,元/公斤
江苏省,人参果,9.0,15.0,16.0,元/公斤
江苏省,人工甲鱼,28.0,64.0,100.0,元/公斤
江苏省,佛手瓜,3.2,3.95,4.5,元/公斤
江苏省,养殖鲶鱼,11.0,11.0,12.0,元/公斤
江苏省,冬枣,8.0,12.925,26.0,元/公斤
江苏省,冬瓜,0.8800000000000001,1.2057142857142857,1.56,元/公斤
江苏省,南瓜,1.711111111111111,2.6608333333333336,3.6666666666666665,元/公斤
江苏省,哈密瓜,4.9,4.930000000000001,6.0,元/公斤
江苏省,嘎拉苹果,6.0,8.0,8.0,元/公斤
江苏省,圆茄子,1.6,2.4,3.6,元/公斤
江苏省,土豆,1.861111111111111,2.3649999999999998,2.8777777777777778,元/公斤
江苏省,基围虾,26.0,36.0,46.0,元/公斤
江苏省,大带鱼,17.0,37.0,24.0,元/公斤
江苏省,大白菜,1.8833333333333335,2.2241666666666666,2.35,元/公斤
江苏省,大米,4.5,4.5,4.5,元/公斤
江苏省,大葱,2.1,3.4924999999999997,3.075,元/公斤
江苏省,大蒜,6.327777777777778,7.773611111111111,9.549999999999999,元/公斤
江苏省,大豆,5.3,6.05,7.0,元/公斤
江苏省,大黄花鱼,,60.0,,元/公斤
江苏省,富士苹果,7.6,9.6,13.475,元/公斤
江苏省,小带鱼,10.0,12.0,18.0,元/公斤
江苏省,小白菜,2.8000000000000003,3.8333333333333335,4.533333333333333,元/公斤
江苏省,小葱,3.55,4.4799999999999995,6.0,元/公斤
江苏省,小黄花鱼,24.0,30.0,42.0,元/公斤
江苏省,尖椒,6.0,8.0,9.0,元/公斤
江苏省,山竹,40.0,50.0,51.0,元/公斤
江苏省,山药,4.625,6.55,7.725,元/公斤
江苏省,巨峰葡萄,8.0,10.25,12.5,元/公斤
江苏省,平菇,7.766666666666667,9.133333333333333,9.666666666666666,元/公斤
江苏省,慈菇,4.333333333333333,5.533333333333334,7.733333333333333,元/公斤
江苏省,木瓜,10.0,11.0,12.0,元/公斤
江苏省,木耳,58.0,88.0,118.0,元/公斤
江苏省,木耳菜,5.0,6.0,7.0,元/公斤
江苏省,柠檬,14.0,16.0,16.0,元/公斤
江苏省,桂鱼,80.0,82.0,84.0,元/公斤
江苏省,桃子,7.5,8.866666666666667,11.0,元/公斤
江苏省,梨,2.8,3.1366666666666667,4.0,元/公斤
江苏省,榴莲,48.0,44.43,60.0,元/公斤
江苏省,樱桃西红柿,,5.81,,元/公斤
江苏省,橘、柑,,7.11,,元/公斤
江苏省,橙子,5.6,6.8,8.0,元/公斤
江苏省,毛猪,18.8,18.8,18.8,元/公斤
江苏省,毛豆,4.333333333333333,5.45,6.333333333333333,元/公斤
江苏省,油桃,5.0,8.0,10.0,元/公斤
江苏省,油菜,3.5555555555555554,4.5633333333333335,7.866666666666667,元/公斤
江苏省,油麦菜,5.833333333333333,6.916666666666667,8.166666666666666,元/公斤
江苏省,泥鳅,18.0,19.0,20.0,元/公斤
江苏省,洋白菜,1.2750000000000001,1.56625,1.8,元/公斤
江苏省,活草鱼,15.12,16.580000000000002,17.04,元/公斤
江苏省,活鲤鱼,14.0,14.0,14.0,元/公斤
江苏省,活鲫鱼,22.45,29.725,34.5,元/公斤
江苏省,活鳜鱼,80.0,82.0,84.0,元/公斤
江苏省,淡水虾,120.0,280.0,440.0,元/公斤
江苏省,澳洲龙虾,540.0,580.0,620.0,元/公斤
江苏省,火龙果,8.0,6.3149999999999995,9.0,元/公斤
江苏省,牛肉,63.0,65.16666666666667,74.0,元/公斤
江苏省,特一粉,3.54,3.74,4.04,元/公斤
江苏省,特二粉,3.22,3.32,3.44,元/公斤
江苏省,特小凤西瓜,2.0,4.5,6.0,元/公斤
江苏省,猕猴桃,6.0,16.0,24.0,元/公斤
江苏省,猪前腿肌肉,22.75,23.75,24.75,元/公斤
江苏省,猪后腿肌肉,20.0,21.0,22.0,元/公斤
江苏省,猪大排肌肉,23.0,24.0,25.0,元/公斤
江苏省,猪心,9.0,10.0,11.0,元/公斤
江苏省,猪肉,26.0,27.5,29.0,元/公斤
江苏省,猪肉(白条猪),18.0,19.7825,20.875,元/公斤
江苏省,猪肚,43.0,44.0,45.0,元/公斤
江苏省,猪肝,24.0,25.0,26.0,元/公斤
江苏省,猪肺,9.0,10.0,11.0,元/公斤
江苏省,猪颈背肌肉,30.0,31.0,32.0,元/公斤
江苏省,玉米,3.0666666666666664,3.733333333333333,5.133333333333334,元/公斤
江苏省,玉米棒,1.4,3.005,3.2,元/公斤
江苏省,珍宝蟹,220.0,230.0,240.0,元/公斤
江苏省,甘蓝,0.8,1.2,1.4,元/公斤
江苏省,甜瓜,,4.91,,元/公斤
江苏省,生姜,7.333333333333334,8.788055555555555,10.266666666666667,元/公斤
江苏省,生菜,4.862,5.9863888888888885,7.0166666666666675,元/公斤
江苏省,甲鱼,40.0,60.0,80.0,元/公斤
江苏省,白条鸡,16.5,21.75,19.0,元/公斤
江苏省,白萝卜,1.3555555555555554,1.7785714285714285,1.8388888888888888,元/公斤
江苏省,白鲢活鱼,8.55,9.275,9.5,元/公斤
江苏省,石榴,,9.47,,元/公斤
江苏省,空心菜,3.466666666666667,4.1000000000000005,4.733333333333333,元/公斤
江苏省,籼米(晚籼米),3.96,4.24,4.34,元/公斤
江苏省,粳米(普通),4.36,5.16,6.7,元/公斤
江苏省,糯米,5.1,5.3,5.5,元/公斤
江苏省,红小豆,8.2,9.4,10.8,元/公斤
江苏省,红尖椒,6.0,7.733333333333333,9.466666666666667,元/公斤
江苏省,红提子,10.0,12.0,15.0,元/公斤
江苏省,红椒,9.0,10.125,13.75,元/公斤
江苏省,红萝卜,2.5,2.95,3.5,元/公斤
江苏省,绿尖椒,6.5,8.25,9.5,元/公斤
江苏省,绿豆,7.7,8.65,10.1,元/公斤
江苏省,绿豆芽,1.8,2.0,3.0,元/公斤
江苏省,羊肉,60.333333333333336,62.333333333333336,64.0,元/公斤
江苏省,胡萝卜,2.033333333333333,2.2807142857142857,2.65,元/公斤
江苏省,芋头,7.0,6.873333333333332,11.2,元/公斤
江苏省,芒果,10.5,10.816666666666668,14.0,元/公斤
江苏省,芦笋,9.0,12.0,14.0,元/公斤
江苏省,花鲢活鱼,15.0,16.375,16.5,元/公斤
江苏省,芹菜,3.3222222222222224,4.821666666666666,5.344444444444444,元/公斤
江苏省,苋菜,1.4,2.7866666666666666,3.1,元/公斤
江苏省,苦瓜,3.6,4.233333333333333,5.333333333333333,元/公斤
江苏省,苹果,6.0,10.063333333333334,19.0,元/公斤
江苏省,茄子,2.84,4.138333333333334,5.5200000000000005,元/公斤
江苏省,茭白,4.3,4.95,6.3,元/公斤
江苏省,茶树菇,12.0,13.0,14.0,元/公斤
江苏省,茼蒿,10.2,11.3,12.4,元/公斤
江苏省,草菇,15.0,25.0,30.0,元/公斤
江苏省,荷兰豆,6.0,12.0,13.0,元/公斤
江苏省,莲藕,5.0,6.459999999999999,8.383333333333333,元/公斤
江苏省,莴笋,3.7733333333333334,4.553,5.04,元/公斤
江苏省,菜瓜,2.0,4.0,6.0,元/公斤
江苏省,菜花,5.55,6.46625,7.875,元/公斤
江苏省,菠菜,13.916666666666666,16.26388888888889,17.72222222222222,元/公斤
江苏省,菠萝蜜,12.0,15.0,18.0,元/公斤
江苏省,萝卜,0.7,1.135,1.2,元/公斤
江苏省,葡萄,10.0,9.346666666666666,12.0,元/公斤
江苏省,葱,2.2,2.6,4.0,元/公斤
江苏省,葱头,2.3333333333333335,2.725,3.25,元/公斤
江苏省,蒜苗,4.466666666666667,5.666666666666667,8.0,元/公斤
江苏省,蒜薹,3.2000000000000006,5.916666666666667,7.1000000000000005,元/公斤
江苏省,蘑菇,12.0,13.25,14.5,元/公斤
江苏省,西兰花,5.733333333333333,7.066666666666666,8.333333333333334,元/公斤
江苏省,西洋芹,3.0,3.933333333333333,4.466666666666667,元/公斤
江苏省,西瓜,2.3333333333333335,2.858333333333333,3.8666666666666667,元/公斤
江苏省,西红柿,2.9333333333333336,4.354047619047619,5.055555555555556,元/公斤
江苏省,西葫芦,2.6,4.3,4.8,元/公斤
江苏省,豆角,3.488888888888889,7.577777777777778,8.577777777777778,元/公斤
江苏省,豇豆,2.8,3.6500000000000004,4.2,元/公斤
江苏省,金针菇,4.833333333333333,5.433333333333334,7.0,元/公斤
江苏省,银鱼,21.0,41.0,56.0,元/公斤
江苏省,长茄子,3.5,6.5,8.0,元/公斤
江苏省,青椒,4.083333333333333,4.880714285714285,6.233333333333333,元/公斤
江苏省,青鱼,14.0,15.0,16.0,元/公斤
江苏省,面粉,3.22,3.54,4.04,元/公斤
江苏省,韭苔,8.0,10.0,10.0,元/公斤
江苏省,韭菜,3.6999999999999997,4.543809523809523,5.51111111111111,元/公斤
江苏省,韭黄,9.333333333333334,10.5,12.0,元/公斤
江苏省,香梨,5.5,9.3,11.6,元/公斤
江苏省,香菇,9.946666666666667,14.0,15.6,元/公斤
江苏省,香菜,10.625,12.3125,13.5,元/公斤
江苏省,香蕉,4.375,5.305,5.875,元/公斤
江苏省,马蹄,3.2,3.9,5.6,元/公斤
江苏省,鮰鱼,24.0,25.0,26.0,元/公斤
江苏省,鲈鱼,28.0,36.0,44.0,元/公斤
江苏省,鲳鱼,36.0,54.0,68.0,元/公斤
江苏省,鳊鱼,20.0,23.5,26.0,元/公斤
江苏省,鳗鱼,68.0,70.0,72.0,元/公斤
江苏省,鳝鱼,80.0,80.0,80.0,元/公斤
江苏省,鸡腿菇,6.5,7.5,8.5,元/公斤
江苏省,鸡蛋,7.087999999999999,8.15,8.47,元/公斤
江苏省,鸭梨,4.0,4.5,5.0,元/公斤
江苏省,鸭蛋,8.0,8.34,8.8,元/公斤
江苏省,鹌鹑蛋,10.34,10.94,11.2,元/公斤
江苏省,麒麟西瓜,3.533333333333333,4.5,5.333333333333333,元/公斤
江苏省,黄瓜,4.3,5.305000000000001,6.88,元/公斤
江苏省,黄豆芽,1.6666666666666667,1.8166666666666667,2.733333333333333,元/公斤
江苏省,黄鳝,78.0,89.0,100.0,元/公斤
江苏省,黑木耳,52.0,54.0,56.0,元/公斤
江苏省,黑鱼,20.0,21.333333333333332,22.666666666666668,元/公斤
江苏省,龙眼(桂圆),26.0,26.0,26.0,元/公斤
江西省,一级豆油(散装),9.1,10.85,14.0,元/公斤
江西省,三黄鸡,8.0,10.0,11.8,元/吨
江西省,丝瓜,3.5,3.9,4.3,元/吨
江西省,乌鸡,12.0,15.0,16.0,元/吨
江西省,养殖鲶鱼,16.0,23.0,24.0,元/吨
江西省,冬瓜,0.8000000000000002,0.9750000000000001,1.2666666666666666,元/吨
江西省,南瓜,1.1,1.2999999999999998,1.5,元/吨
江西省,土豆,2.2666666666666666,2.55,2.9333333333333336,元/吨
江西省,大白菜,1.5333333333333334,2.2,2.2666666666666666,元/吨
江西省,大葱,4.266666666666667,4.733333333333333,5.2,元/吨
江西省,大蒜,6.066666666666666,6.85,7.466666666666666,元/吨
江西省,小白菜,4.0,5.4,6.0,元/吨
江西省,小葱,5.1,5.4,5.8,元/吨
江西省,尖椒,,4.8,,元/公斤
江西省,山药,6.5,7.933333333333334,8.7,元/吨
江西省,平菇,8.133333333333333,9.333333333333334,10.066666666666666,元/吨
江西省,早籼稻,,2.6,,元/公斤
江西省,晚籼稻,,2.62,,元/公斤
江西省,毛豆,5.2,5.4,5.6,元/公斤
江西省,油菜,4.1,4.6,5.2,元/吨
江西省,油麦菜,4.0,5.4,6.0,元/吨
江西省,洋白菜,2.0,2.4,2.6,元/吨
江西省,活鲤鱼,7.0,8.4,9.0,元/吨
江西省,活鲫鱼,12.0,16.0,22.0,元/吨
江西省,活鳜鱼,56.0,65.0,72.0,元/吨
江西省,活鸡,8.0,9.6,10.6,元/吨
江西省,活鸭,13.0,13.4,14.0,元/吨
江西省,玉米,,2.43,,元/公斤
江西省,瓠子,2.0,2.6,2.9000000000000004,元/吨
江西省,生姜,6.8,7.8,8.7,元/吨
江西省,生菜,5.3999999999999995,5.35,6.133333333333333,元/吨
江西省,白萝卜,0.9333333333333332,1.325,1.4000000000000001,元/吨
江西省,白鲢活鱼,4.0,5.2,5.8,元/吨
江西省,空心菜,3.1,2.8000000000000003,3.9000000000000004,元/公斤
江西省,籼米(晚籼米),4.3,4.58,14.0,元/公斤
江西省,粳米(普通),4.3,4.725,13.0,元/公斤
江西省,糯米,,5.52,,元/公斤
江西省,红尖椒,,6.0,,元/公斤
江西省,红椒,6.0,6.666666666666667,7.7,元/吨
江西省,绿豆芽,1.2,1.9333333333333333,1.7,元/吨
江西省,胡萝卜,2.066666666666667,2.4,2.6666666666666665,元/吨
江西省,良薯,3.3,4.0,4.3,元/吨
江西省,芋头,5.3999999999999995,5.7,6.2,元/吨
江西省,花生油,24.0,28.0,40.0,元/公斤
江西省,花鲢活鱼,13.0,14.2,15.0,元/吨
江西省,芹菜,5.066666666666666,5.2,6.133333333333333,元/吨
江西省,苋菜,2.6,3.0,3.4,元/公斤
江西省,苦瓜,2.9,2.8666666666666667,3.5,元/吨
江西省,茄子,3.0666666666666664,3.4,4.066666666666666,元/吨
江西省,茭白,8.0,11.0,12.0,元/吨
江西省,莲藕,4.133333333333334,5.5,5.266666666666667,元/吨
江西省,莴笋,2.6,3.3,3.266666666666667,元/吨
江西省,菜油(散装),11.0,11.175,16.0,元/公斤
江西省,菜花,6.0,6.533333333333334,7.3999999999999995,元/吨
江西省,菠菜,11.333333333333334,13.133333333333333,14.266666666666666,元/吨
江西省,葱头,1.7,2.05,2.2,元/吨
江西省,蒜苗,6.4,7.0,7.6,元/吨
江西省,蒜薹,7.3,7.699999999999999,8.0,元/吨
江西省,西兰花,6.9,8.5,9.1,元/吨
江西省,西红柿,4.2,4.95,5.333333333333333,元/吨
江西省,西葫芦,4.300000000000001,4.7,5.3,元/吨
江西省,豆角,6.6,7.3999999999999995,9.5,元/吨
江西省,豇豆,5.1,5.333333333333333,5.8,元/吨
江西省,金针菇,4.4,5.2,5.6,元/吨
江西省,青椒,4.666666666666667,5.7,6.8,元/吨
江西省,面粉,4.1,4.5,10.0,元/公斤
江西省,韭苔,11.0,11.4,11.8,元/公斤
江西省,韭菜,5.2,5.35,6.533333333333334,元/吨
江西省,韭菜花,9.0,12.0,13.0,元/吨
江西省,韭黄,9.0,16.0,17.0,元/吨
江西省,香菇,9.333333333333334,10.15,11.466666666666667,元/吨
江西省,香菜,12.8,13.6,14.7,元/吨
江西省,鳊鱼,10.0,11.8,13.0,元/吨
江西省,黄瓜,3.1,3.9333333333333336,4.5,元/吨
江西省,黄豆芽,1.4,1.8,2.0,元/吨
江西省,黄鳝,30.0,57.0,78.0,元/吨
河北省,丝瓜,3.0,3.3,3.6,元/公斤
河北省,京欣西瓜,1.6,1.66,1.7,元/公斤
河北省,冬枣,3.0,6.0,12.0,元/公斤
河北省,冬瓜,1.4875,1.54,1.6833333333333333,元/公斤
河北省,南瓜,2.25,2.85,2.3,元/公斤
河北省,哈密瓜,5.2,5.6,6.0,元/公斤
河北省,圆茄子,1.6,1.6,2.4,元/公斤
河北省,土豆,1.55,1.9083333333333332,2.0125,元/公斤
河北省,大带鱼,,26.0,,元/公斤
河北省,大枣,2.8,3.0,3.4,元/公斤
河北省,大白菜,1.2,1.3199999999999998,1.475,元/公斤
河北省,大葱,1.6800000000000002,2.725,2.15,元/公斤
河北省,大蒜,7.26,8.908333333333333,8.7,元/公斤
河北省,大黄花鱼,,40.0,,元/公斤
河北省,富士苹果,5.25,6.92,7.366666666666667,元/公斤
河北省,小白菜,3.55,3.6,3.5,元/公斤
河北省,小葱,2.7,2.85,3.2,元/公斤
河北省,尖椒,3.5,3.725,4.133333333333334,元/公斤
河北省,山药,5.8,6.775,7.875,元/公斤
河北省,巨峰葡萄,4.0,5.25,6.8,元/公斤
河北省,带鱼,30.0,31.0,32.0,元/公斤
河北省,平菇,4.0,4.5,4.0,元/公斤
河北省,心里美萝卜,4.0,4.0,,元/公斤
河北省,李子,3.6,3.8,4.0,元/公斤
河北省,杏鲍菇,3.2,3.4,4.0,元/公斤
河北省,条形辣椒干（小米椒）,6.4,8.0,12.0,元/公斤
河北省,柚子,5.6,6.0,6.6,元/公斤
河北省,核桃,14.0,14.0,14.0,元/公斤
河北省,桃子,3.0,3.6,4.6,元/公斤
河北省,榴莲,32.0,36.0,50.0,元/公斤
河北省,樱桃西红柿,4.0,4.2,4.4,元/公斤
河北省,橘、柑,5.0,5.0,,元/公斤
河北省,油桃,2.2,2.8,3.4,元/公斤
河北省,油菜,3.1,3.54,4.175,元/公斤
河北省,油麦菜,3.25,4.05,4.5,元/公斤
河北省,洋白菜,1.4,1.5750000000000002,1.9333333333333336,元/公斤
河北省,活草鱼,20.0,20.0,22.0,元/公斤
河北省,活鲤鱼,15.0,15.833333333333334,16.0,元/公斤
河北省,活鲫鱼,20.0,24.0,22.0,元/公斤
河北省,活鸡,13.0,13.0,13.0,元/公斤
河北省,火龙果,2.2,3.4,3.6,元/公斤
河北省,牛肉,61.0,63.333333333333336,65.0,元/公斤
河北省,特小凤西瓜,1.6,1.8,2.0,元/公斤
河北省,猕猴桃,4.4,4.8,6.0,元/公斤
河北省,猪后腿肌肉,20.0,21.0,22.0,元/公斤
河北省,猪肉,,23.0,,元/公斤
河北省,猪肉(白条猪),20.7,21.3,22.625,元/公斤
河北省,猪颈背肌肉,23.0,23.5,24.0,元/公斤
河北省,瓠子,,1.0,,元/公斤
河北省,甘蓝,1.2,1.6,1.8,元/公斤
河北省,甘蔗,2.0,2.6,3.0,元/公斤
河北省,甜瓜,2.0,4.0,5.5,元/公斤
河北省,生姜,7.9,9.275,9.625,元/公斤
河北省,生菜,4.15,4.6,5.1000000000000005,元/公斤
河北省,白条鸡,13.866666666666667,16.45,16.0,元/公斤
河北省,白萝卜,1.95,1.8833333333333335,2.1125,元/公斤
河北省,白鲢活鱼,,9.0,,元/公斤
河北省,石榴,3.6,4.0,4.4,元/公斤
河北省,空心菜,3.0,3.4,5.0,元/公斤
河北省,红小豆,5.6,7.0,8.6,元/公斤
河北省,红提子,6.0,6.0,6.0,元/公斤
河北省,红枣,,6.2,,元/公斤
河北省,红萝卜,2.0,2.2,2.4,元/公斤
河北省,绿豆芽,2.7,2.8,3.0,元/公斤
河北省,羊肉,63.0,62.333333333333336,66.0,元/公斤
河北省,胡萝卜,1.92,2.183333333333333,2.575,元/公斤
河北省,芒果,2.0,2.6,3.2,元/公斤
河北省,芥菜,1.8,1.8,,元/公斤
河北省,花生,3.4,3.6,4.0,元/公斤
河北省,花鲢活鱼,,11.0,,元/公斤
河北省,芹菜,2.82,2.933333333333333,3.025,元/公斤
河北省,苦瓜,1.2,1.5,3.0,元/公斤
河北省,苹果,2.0,3.6,4.4,元/公斤
河北省,茄子,1.94,2.1166666666666667,2.5,元/公斤
河北省,茴香,4.666666666666667,5.166666666666667,5.8,元/公斤
河北省,茼蒿,4.75,5.0,5.5,元/公斤
河北省,莲藕,5.3,6.225,6.833333333333333,元/公斤
河北省,莴笋,3.05,3.12,3.6333333333333333,元/公斤
河北省,菜花,4.4399999999999995,4.683333333333334,5.0,元/公斤
河北省,菠菜,5.633333333333333,7.625,8.0,元/公斤
河北省,菠萝,,4.8,,元/公斤
河北省,葱头,1.3800000000000001,1.575,1.55,元/公斤
河北省,蒜苗,3.2,3.4,4.4,元/公斤
河北省,蒜薹,4.88,5.983333333333333,6.55,元/公斤
河北省,蜜桔,2.0,2.2,2.4,元/公斤
河北省,蟠桃,4.4,5.0,6.6,元/公斤
河北省,西兰花,3.1,4.5,4.7,元/公斤
河北省,西洋芹,3.0,3.0,3.0,元/公斤
河北省,西瓜,1.2,1.325,1.9,元/公斤
河北省,西红柿,3.3,3.4499999999999997,4.175,元/公斤
河北省,西葫芦,3.1,3.125,3.65,元/公斤
河北省,豆角,4.725,5.9399999999999995,8.166666666666666,元/公斤
河北省,豇豆,,3.6,,元/公斤
河北省,酥梨,1.0,1.4,1.6,元/公斤
河北省,金丝枣,,9.0,,元/公斤
河北省,金针菇,3.2,5.0,5.5,元/公斤
河北省,长茄子,2.0,2.4,6.0,元/公斤
河北省,青提子,2.6,3.2,4.0,元/公斤
河北省,青椒,3.46,4.283333333333333,4.75,元/公斤
河北省,青笋,3.0,3.3,3.6,元/公斤
河北省,韭菜,2.6,2.983333333333333,3.0,元/公斤
河北省,香梨,4.0,5.0,6.0,元/公斤
河北省,香菇,8.870000000000001,10.475,12.35,元/公斤
河北省,香菜,9.166666666666666,9.5,9.5,元/公斤
河北省,香蕉,3.18,4.583333333333333,5.425,元/公斤
河北省,鲜食玉米,1.0,1.8,2.2,元/公斤
河北省,鸡蛋,6.836,6.846666666666667,7.345,元/公斤
河北省,鸭梨,3.6,4.133333333333333,4.5,元/公斤
河北省,麒麟西瓜,3.0,3.4,3.6,元/公斤
河北省,黄桃,4.0,5.0,6.0,元/公斤
河北省,黄瓜,3.175,4.34,5.35,元/公斤
河北省,黄豆芽,2.7,2.8,3.0,元/公斤
河南省,三黄鸡,11.5,12.0,13.5,元/公斤
河南省,丝瓜,3.8000000000000003,6.175,15.333333333333334,元/公斤
河南省,丰水梨,4.1,5.5,7.0,元/公斤
河南省,低辣小椒（三樱椒）,17.0,17.8,18.6,元/公斤
河南省,低辣小椒（大角椒）,16.8,17.2,17.8,元/公斤
河南省,冬瓜,0.42,0.756,1.8,元/公斤
河南省,南瓜,1.1,1.46,3.625,元/公斤
河南省,哈密瓜,2.0,3.675,5.75,元/公斤
河南省,圆形辣椒干（子弹头）,18.8,19.0,19.6,元/公斤
河南省,圆茄子,4.4,4.5,4.6,元/公斤
河南省,土豆,1.3,2.1083333333333334,3.725,元/公斤
河南省,基围虾,48.0,49.0,50.0,元/公斤
河南省,大白菜,1.35,1.7666666666666666,2.5,元/公斤
河南省,大米,4.0,4.15,4.2,元/公斤
河南省,大葱,1.2333333333333334,1.7,6.266666666666667,元/公斤
河南省,大蒜,5.533333333333334,6.859999999999999,9.533333333333333,元/公斤
河南省,大豆,4.6,5.2,7.5,元/公斤
河南省,大辣椒（甜椒-板椒）,12.2,12.4,12.8,元/公斤
河南省,大黄花鱼,40.0,44.0,55.0,元/公斤
河南省,富士苹果,6.95,10.433333333333334,8.9,元/公斤
河南省,小白菜,3.3,4.833333333333333,6.5,元/公斤
河南省,小葱,3.5,4.1000000000000005,3.8,元/公斤
河南省,小黄花鱼,32.0,36.0,46.0,元/公斤
河南省,尖椒,3.0,5.5,15.0,元/公斤
河南省,山楂,6.0,6.5,7.0,元/公斤
河南省,山药,4.6499999999999995,7.12,8.625,元/公斤
河南省,巨峰葡萄,,15.4,,元/公斤
河南省,平菇,3.0,7.5,8.0,元/公斤
河南省,扇贝,80.0,85.0,90.0,元/公斤
河南省,木瓜,11.0,12.0,13.0,元/公斤
河南省,木耳菜,4.8,4.9,5.0,元/公斤
河南省,杏鲍菇,5.0,5.5,6.0,元/公斤
河南省,条形辣椒干（二荆条）,17.8,18.2,18.6,元/公斤
河南省,条形辣椒干（小米椒）,24.4,24.8,25.0,元/公斤
河南省,板栗,8.0,9.5,11.0,元/公斤
河南省,枣,6.0,10.5,15.0,元/公斤
河南省,柠檬,12.5,18.3,20.5,元/公斤
河南省,梨,1.6,4.4,6.0,元/公斤
河南省,橘、柑,2.0,7.0,12.0,元/公斤
河南省,毛豆,5.0,5.25,5.5,元/公斤
河南省,油菜,,4.800000000000001,,元/公斤
河南省,油麦菜,4.75,7.175,7.75,元/公斤
河南省,洋白菜,1.075,1.7166666666666668,2.475,元/公斤
河南省,活草鱼,15.5,17.333333333333332,19.5,元/公斤
河南省,活鲤鱼,13.5,14.733333333333334,17.5,元/公斤
河南省,活鲫鱼,18.0,19.05,20.0,元/公斤
河南省,海水蟹,110.0,125.0,140.0,元/公斤
河南省,海蛎,20.0,80.0,140.0,元/公斤
河南省,淡水虾,44.0,46.5,53.0,元/公斤
河南省,牛肉,54.0,62.833333333333336,63.0,元/公斤
河南省,猕猴桃,5.2,10.35,10.5,元/公斤
河南省,猪前腿肌肉,18.0,19.0,20.0,元/公斤
河南省,猪后腿肌肉,22.0,23.5,25.0,元/公斤
河南省,猪大排肌肉,28.0,31.0,34.0,元/公斤
河南省,猪大肠,31.0,31.5,32.0,元/公斤
河南省,猪心,12.0,13.0,14.0,元/公斤
河南省,猪肉,,19.5,,元/公斤
河南省,猪肉(白条猪),17.8,19.25,24.5,元/公斤
河南省,猪肚,42.0,44.0,46.0,元/公斤
河南省,猪肝,6.5,7.0,7.5,元/公斤
河南省,玉米,2.0,2.33,3.0,元/公斤
河南省,玉米棒,2.0,3.0,4.6,元/公斤
河南省,甘蔗,1.8,2.6,3.6,元/公斤
河南省,甜橙,3.6,11.0,14.0,元/公斤
河南省,生姜,6.2,7.1499999999999995,9.95,元/公斤
河南省,生菜,3.8499999999999996,5.233333333333333,7.35,元/公斤
河南省,甲鱼,50.0,60.0,70.0,元/公斤
河南省,白条鸡,11.333333333333334,13.3,14.666666666666666,元/公斤
河南省,白灵菇,24.0,25.0,25.0,元/公斤
河南省,白萝卜,1.0,1.45,1.9,元/公斤
河南省,白鲢活鱼,8.0,8.25,9.0,元/公斤
河南省,石斑鱼,76.0,79.0,82.0,元/公斤
河南省,砂糖橘,5.0,5.5,6.0,元/公斤
河南省,空心菜,7.6,7.8,8.0,元/公斤
河南省,红提子,7.0,8.9,16.0,元/公斤
河南省,红椒,6.0,7.3,14.666666666666666,元/公斤
河南省,红毛丹,22.0,23.0,24.0,元/公斤
河南省,红萝卜,1.6,2.533333333333333,3.0,元/公斤
河南省,绿尖椒,2.5,4.4,6.2,元/公斤
河南省,绿豆,6.6,11.0,12.6,元/公斤
河南省,绿豆芽,1.98,1.98,2.6,元/公斤
河南省,羊肉,57.0,60.43333333333334,64.0,元/公斤
河南省,老母鸡,22.0,23.0,24.0,元/公斤
河南省,肉蟹,100.0,120.0,140.0,元/公斤
河南省,胡萝卜,1.125,1.7600000000000002,3.25,元/公斤
河南省,脐橙,5.6,7.0,8.4,元/公斤
河南省,良薯,1.6,2.8,4.4,元/公斤
河南省,芋头,2.0,5.4,8.0,元/公斤
河南省,芒果,6.5,7.45,10.0,元/公斤
河南省,芥菜,16.0,17.0,18.0,元/公斤
河南省,芦柑,6.0,6.5,7.0,元/公斤
河南省,花生,9.0,9.2,12.0,元/公斤
河南省,花鲢活鱼,15.5,17.75,19.5,元/公斤
河南省,芹菜,1.775,3.3166666666666664,4.95,元/公斤
河南省,苋菜,6.5,6.75,7.0,元/公斤
河南省,苦瓜,2.1,3.5666666666666664,13.0,元/公斤
河南省,苹果,3.0,9.5,10.0,元/公斤
河南省,茄子,2.4,2.766666666666667,6.5,元/公斤
河南省,茭白,4.6,4.7,4.8,元/公斤
河南省,茴香,10.0,10.25,10.5,元/公斤
河南省,茶树菇,8.5,10.25,12.0,元/公斤
河南省,茼蒿,2.6,8.0,14.0,元/公斤
河南省,荷兰豆,21.0,21.75,22.5,元/公斤
河南省,莲藕,4.4,4.975,7.5,元/公斤
河南省,莴笋,2.1,3.466666666666667,5.95,元/公斤
河南省,菜花,3.34,5.357142857142857,6.62,元/公斤
河南省,菠菜,6.3999999999999995,11.2,12.0,元/公斤
河南省,菠萝,2.8,6.033333333333334,5.5,元/公斤
河南省,萝卜,2.0,2.0,2.0,元/公斤
河南省,葱头,1.125,1.3,2.225,元/公斤
河南省,蒜薹,2.8000000000000003,4.72,14.133333333333333,元/公斤
河南省,蛇果,11.5,14.25,17.0,元/公斤
河南省,蛏子,24.0,27.0,30.0,元/公斤
河南省,蛤蜊,24.0,27.0,30.0,元/公斤
河南省,西兰花,5.05,8.620000000000001,10.5,元/公斤
河南省,西洋芹,4.4,4.7,5.0,元/公斤
河南省,西瓜,,1.8,,元/公斤
河南省,西红柿,2.42,3.6999999999999997,6.24,元/公斤
河南省,西葫芦,2.466666666666667,3.7599999999999993,4.266666666666667,元/公斤
河南省,豆角,3.5999999999999996,3.8783333333333334,6.875,元/公斤
河南省,豇豆,2.0,3.2,20.0,元/公斤
河南省,金针菇,3.75,5.525,6.5,元/公斤
河南省,青椒,2.6,4.3,6.6,元/公斤
河南省,青笋,3.0,3.2,3.4,元/公斤
河南省,面粉,3.6,3.7,4.2,元/公斤
河南省,韭苔,4.0,4.3,4.6,元/公斤
河南省,韭菜,2.266666666666667,3.4,7.533333333333334,元/公斤
河南省,香梨,6.0,7.5,9.0,元/公斤
河南省,香椿,23.0,23.5,24.0,元/公斤
河南省,香菇,7.666666666666667,15.3,16.666666666666668,元/公斤
河南省,香菜,5.333333333333333,11.45,15.0,元/公斤
河南省,香蕉,2.65,3.283333333333333,6.5,元/公斤
河南省,高辣小椒（印度S17）,20.4,21.0,21.6,元/公斤
河南省,高辣小椒（新一代）,20.4,20.8,21.0,元/公斤
河南省,高辣小椒（满天星）,16.6,16.8,17.2,元/公斤
河南省,高辣小椒（艳椒）,14.2,14.4,14.8,元/公斤
河南省,鲅鱼,28.0,29.0,30.0,元/公斤
河南省,鲈鱼,46.0,48.0,50.0,元/公斤
河南省,鲜食玉米,2.6,3.2,5.0,元/公斤
河南省,鲳鱼,26.0,28.0,30.0,元/公斤
河南省,鲶鱼,10.0,10.5,11.0,元/公斤
河南省,鸡腿菇,7.5,8.0,8.5,元/公斤
河南省,鸡蛋,5.3,6.6000000000000005,12.0,元/公斤
河南省,鸭梨,,5.5,,元/公斤
河南省,黄瓜,5.1000000000000005,5.16,7.766666666666666,元/公斤
河南省,黄豆芽,1.99,2.49,3.1,元/公斤
河南省,黄鳝,60.0,65.0,80.0,元/公斤
河南省,黑美人西瓜,2.0,2.2,2.4,元/公斤
河南省,黑鱼,23.0,26.0,27.0,元/公斤
河南省,龙眼(桂圆),12.0,13.0,14.0,元/公斤
河南省,龙虾,240.0,255.0,270.0,元/公斤
浙江省,丝瓜,4.0,6.71,8.0,元/公斤
浙江省,佛手瓜,3.0,4.74,7.6,元/公斤
浙江省,冬瓜,0.8666666666666667,1.1975,1.7333333333333334,元/公斤
浙江省,南瓜,1.3666666666666665,2.17625,2.8333333333333335,元/公斤
浙江省,土豆,1.6666666666666667,2.2600000000000002,2.9,元/公斤
浙江省,大白菜,1.5,2.29,2.6999999999999997,元/公斤
浙江省,大葱,2.566666666666667,3.013,3.9666666666666663,元/公斤
浙江省,大蒜,6.8,8.36,10.066666666666666,元/公斤
浙江省,小葱,3.0,5.4625,5.0,元/公斤
浙江省,尖椒,5.0,7.4725,9.0,元/公斤
浙江省,山药,5.0,6.516666666666667,7.0,元/公斤
浙江省,带鱼,,35.0,,元/公斤
浙江省,平菇,4.0,7.010000000000001,6.0,元/公斤
浙江省,木耳菜,,5.99,,元/公斤
浙江省,杏鲍菇,,7.0,,元/公斤
浙江省,毛豆,5.3,6.476666666666667,8.0,元/公斤
浙江省,油菜,3.7,4.827500000000001,5.9,元/公斤
浙江省,油麦菜,,8.12,,元/公斤
浙江省,洋白菜,,2.96,,元/公斤
浙江省,活鲫鱼,,24.0,,元/公斤
浙江省,猪肉,,20.0,,元/公斤
浙江省,猪肉(白条猪),18.8,19.5,20.0,元/公斤
浙江省,瓠子,,3.36,,元/公斤
浙江省,甘薯,2.4,3.49,7.0,元/公斤
浙江省,生姜,7.5,8.626249999999999,10.0,元/公斤
浙江省,生菜,4.9,6.00875,6.6,元/公斤
浙江省,白条鸡,13.0,13.5,15.0,元/公斤
浙江省,白萝卜,1.3666666666666665,1.85,2.233333333333333,元/公斤
浙江省,空心菜,,5.08,,元/公斤
浙江省,红椒,3.5,7.603333333333333,11.5,元/公斤
浙江省,绿豆芽,,2.0,,元/公斤
浙江省,胡萝卜,1.5,2.543,3.033333333333333,元/公斤
浙江省,芋头,,5.42,,元/公斤
浙江省,芦笋,,12.0,,元/公斤
浙江省,花生,4.4,5.45,8.0,元/公斤
浙江省,芹菜,2.85,5.798,5.35,元/公斤
浙江省,苋菜,,4.05,,元/公斤
浙江省,苦瓜,5.5,5.6433333333333335,8.0,元/公斤
浙江省,茄子,2.433333333333333,4.590999999999999,5.966666666666666,元/公斤
浙江省,茭白,,9.993333333333334,,元/公斤
浙江省,茶树菇,,12.0,,元/公斤
浙江省,茼蒿,,12.344999999999999,,元/公斤
浙江省,荷兰豆,22.0,22.5,24.0,元/公斤
浙江省,莲藕,5.6,7.93375,9.4,元/公斤
浙江省,莴笋,3.1999999999999997,4.85,4.866666666666666,元/公斤
浙江省,菜花,4.0,6.4799999999999995,7.0,元/公斤
浙江省,菠菜,12.366666666666667,15.383,16.966666666666665,元/公斤
浙江省,萝卜,,1.6733333333333336,,元/公斤
浙江省,葱头,1.0,1.825,1.6,元/公斤
浙江省,蒜苗,,9.905000000000001,,元/公斤
浙江省,蒜薹,4.1,6.3999999999999995,8.5,元/公斤
浙江省,蘑菇,,15.945,,元/公斤
浙江省,西兰花,8.5,10.028333333333334,11.5,元/公斤
浙江省,西洋芹,,6.3,,元/公斤
浙江省,西红柿,2.733333333333333,4.699,5.7,元/公斤
浙江省,西葫芦,3.8333333333333335,5.18,6.633333333333333,元/公斤
浙江省,豆角,8.0,10.1475,10.0,元/公斤
浙江省,豇豆,4.0,5.8066666666666675,7.0,元/公斤
浙江省,金针菇,5.0,6.75,7.0,元/公斤
浙江省,长茄子,,5.0,,元/公斤
浙江省,青椒,4.75,7.7275,7.75,元/公斤
浙江省,韭菜,3.9,5.029,6.8999999999999995,元/公斤
浙江省,韭菜花,6.0,9.26,13.0,元/公斤
浙江省,韭黄,,12.0,,元/公斤
浙江省,香菇,7.95,13.263333333333334,13.15,元/公斤
浙江省,香菜,,17.310000000000002,,元/公斤
浙江省,鲜食玉米,2.0,4.266666666666667,4.0,元/公斤
浙江省,鸡蛋,6.7,7.5,8.0,元/公斤
浙江省,黄瓜,4.2,6.265,7.3999999999999995,元/公斤
浙江省,黄豆芽,,2.3,,元/公斤
海南省,冬瓜,,1.7,,元/公斤
海南省,南瓜,,2.33,,元/公斤
海南省,哈密瓜,,5.8,,元/公斤
海南省,土豆,,2.6,,元/公斤
海南省,大白菜,,2.87,,元/公斤
海南省,大葱,,4.1,,元/公斤
海南省,大蒜,,9.43,,元/公斤
海南省,小白菜,,2.6,,元/公斤
海南省,小葱,,6.22,,元/公斤
海南省,尖椒,,6.369999999999999,,元/公斤
海南省,山药,,8.2,,元/公斤
海南省,梨,,7.7,,元/公斤
海南省,椰子,,16.0,,元/公斤
海南省,榴莲,,40.0,,元/公斤
海南省,油菜,,7.2700000000000005,,元/公斤
海南省,油麦菜,,8.0,,元/公斤
海南省,火龙果,,5.0,,元/公斤
海南省,猕猴桃,,10.0,,元/公斤
海南省,生姜,,7.699999999999999,,元/公斤
海南省,生菜,,6.529999999999999,,元/公斤
海南省,白萝卜,,2.7,,元/公斤
海南省,石榴,,5.0,,元/公斤
海南省,空心菜,,4.65,,元/公斤
海南省,红毛丹,,22.0,,元/公斤
海南省,绿豆芽,,2.0,,元/公斤
海南省,胡萝卜,,2.52,,元/公斤
海南省,芒果,,6.0,,元/公斤
海南省,芹菜,,5.0,,元/公斤
海南省,苹果,,10.5,,元/公斤
海南省,茄子,,3.87,,元/公斤
海南省,荠菜,,7.2,,元/公斤
海南省,莲藕,,6.0,,元/公斤
海南省,莴笋,,4.8,,元/公斤
海南省,菜花,,9.3,,元/公斤
海南省,菠菜,,18.6,,元/公斤
海南省,葡萄,,16.0,,元/公斤
海南省,蒜苗,,10.4,,元/公斤
海南省,蒜薹,,9.66,,元/公斤
海南省,西兰花,,9.3,,元/公斤
海南省,西红柿,,6.4,,元/公斤
海南省,西葫芦,,5.2,,元/公斤
海南省,豆角,,5.67,,元/公斤
海南省,豇豆,,11.0,,元/公斤
海南省,青椒,,7.13,,元/公斤
海南省,韭菜,,5.29,,元/公斤
海南省,香蕉,,5.0,,元/公斤
海南省,麒麟西瓜,,5.0,,元/公斤
海南省,黄瓜,,5.3,,元/公斤
海南省,黄豆芽,,2.0,,元/公斤
湖北省,丝瓜,5.18,6.16,6.959999999999999,元/公斤
湖北省,人工甲鱼,43.0,45.0,49.0,元/公斤
湖北省,冬瓜,1.2125,1.35625,1.4875,元/公斤
湖北省,南瓜,1.64,1.8800000000000001,2.2,元/公斤
湖北省,哈密瓜,7.6,7.8,8.0,元/公斤
湖北省,圆茄子,7.2,7.6,8.0,元/公斤
湖北省,土豆,2.48,2.8,3.16,元/公斤
湖北省,大带鱼,39.0,35.6,41.4,元/公斤
湖北省,大白菜,1.8800000000000001,2.05,2.32,元/公斤
湖北省,大葱,5.0,4.6,5.933333333333334,元/公斤
湖北省,大蒜,6.36,8.14,10.059999999999999,元/公斤
湖北省,大黄花鱼,39.0,37.35,40.4,元/公斤
湖北省,富士苹果,12.3,10.674999999999999,16.0,元/公斤
湖北省,小白菜,3.8000000000000003,4.15,4.6,元/公斤
湖北省,小葱,7.44,7.9,8.58,元/公斤
湖北省,尖椒,4.6,5.0,5.4,元/公斤
湖北省,山楂,13.2,13.6,14.0,元/公斤
湖北省,山药,5.6,6.075,6.3,元/公斤
湖北省,巨峰葡萄,14.0,11.1,21.4,元/公斤
湖北省,平菇,7.066666666666666,6.8625,7.633333333333333,元/公斤
湖北省,折耳根(鱼腥草),13.2,13.6,14.0,元/公斤
湖北省,木瓜,17.4,17.6,18.0,元/公斤
湖北省,李子,9.2,9.6,10.0,元/公斤
湖北省,杏鲍菇,8.066666666666666,8.366666666666667,8.666666666666666,元/公斤
湖北省,板栗,13.6,13.8,14.0,元/公斤
湖北省,桃子,5.2,5.6,6.0,元/公斤
湖北省,梨,5.0,6.0,7.0,元/公斤
湖北省,榴莲,48.0,49.0,50.0,元/公斤
湖北省,樱桃西红柿,5.0,5.25,5.5,元/公斤
湖北省,橘、柑,4.4,4.9,5.4,元/公斤
湖北省,橙子,13.1,13.3,14.0,元/公斤
湖北省,毛豆,7.425,8.0875,9.0,元/公斤
湖北省,油桃,9.2,9.6,10.0,元/公斤
湖北省,油菜,4.933333333333334,5.3625,5.8999999999999995,元/公斤
湖北省,油麦菜,5.84,6.15,6.659999999999999,元/公斤
湖北省,洋白菜,2.5250000000000004,2.59,3.3,元/公斤
湖北省,活草鱼,13.796666666666667,15.5625,15.12,元/公斤
湖北省,活鲤鱼,12.503333333333332,14.2125,13.42,元/公斤
湖北省,活鲫鱼,17.69,20.1725,20.036666666666665,元/公斤
湖北省,火龙果,9.4,9.6,10.0,元/公斤
湖北省,牛肉,62.0,60.65,68.6,元/公斤
湖北省,特小凤西瓜,7.2,7.6,8.0,元/公斤
湖北省,猕猴桃,11.2,11.6,12.0,元/公斤
湖北省,猪肉,22.6,22.15,28.0,元/公斤
湖北省,玉米棒,4.333333333333333,4.766666666666667,5.2,元/公斤
湖北省,瓠子,3.1,3.8666666666666667,4.266666666666667,元/公斤
湖北省,甘蓝,1.8,1.9,2.0,元/公斤
湖北省,甜橙,3.6,4.3,5.0,元/公斤
湖北省,甜瓜,7.0,7.0,7.0,元/公斤
湖北省,生姜,8.0,8.84,9.559999999999999,元/公斤
湖北省,生菜,5.4799999999999995,6.1,6.58,元/公斤
湖北省,白条鸡,16.6,16.35,18.8,元/公斤
湖北省,白萝卜,1.725,1.8299999999999996,2.15,元/公斤
湖北省,白鲢活鱼,6.8,7.95,7.733333333333333,元/公斤
湖北省,空心菜,3.266666666666667,3.5,3.733333333333333,元/公斤
湖北省,籼米(晚籼米),4.2,4.3,4.4,元/公斤
湖北省,粳米(普通),4.0,4.1,4.2,元/公斤
湖北省,红尖椒,8.5,9.25,9.5,元/公斤
湖北省,红提子,19.0,19.5,20.0,元/公斤
湖北省,红椒,5.2,6.3999999999999995,7.666666666666667,元/公斤
湖北省,红萝卜,4.2,4.7,5.2,元/公斤
湖北省,线椒(皱椒),7.0,7.0,8.0,元/公斤
湖北省,绿尖椒,4.333333333333333,4.733333333333333,5.466666666666666,元/公斤
湖北省,绿豆芽,2.5,2.75,2.825,元/公斤
湖北省,羊肉,59.4,60.1,61.0,元/公斤
湖北省,胡萝卜,2.4699999999999998,2.7199999999999998,3.0100000000000002,元/公斤
湖北省,良薯,4.7,5.0,5.3,元/公斤
湖北省,芋头,5.2,5.475,5.8,元/公斤
湖北省,芒果,11.6,11.8,12.0,元/公斤
湖北省,花鲢活鱼,13.533333333333333,15.0575,15.35,元/公斤
湖北省,芹菜,3.9799999999999995,4.45,4.779999999999999,元/公斤
湖北省,苋菜,4.3,4.775,5.125,元/公斤
湖北省,苦瓜,3.34,4.12,4.66,元/公斤
湖北省,苹果,5.0,7.5,10.0,元/公斤
湖北省,茄子,4.16,4.91,5.7,元/公斤
湖北省,茭白,9.200000000000001,10.1,11.0,元/公斤
湖北省,茶树菇,10.0,11.0,11.0,元/公斤
湖北省,茼蒿,5.466666666666666,5.866666666666667,6.266666666666667,元/公斤
湖北省,荷兰豆,18.666666666666668,19.166666666666668,20.0,元/公斤
湖北省,莲藕,5.2,6.05,6.6,元/公斤
湖北省,莴笋,2.96,3.44,3.9200000000000004,元/公斤
湖北省,菜花,6.3,6.58,7.325,元/公斤
湖北省,菜苔,5.4,5.5,5.6,元/公斤
湖北省,菠菜,7.76,7.470000000000001,8.780000000000001,元/公斤
湖北省,菠萝,6.6,5.925,7.5,元/公斤
湖北省,菠萝蜜,19.0,19.5,20.0,元/公斤
湖北省,萝卜,1.55,1.6,1.65,元/公斤
湖北省,葱,6.5,6.8,7.1,元/公斤
湖北省,葱头,3.88,4.2,4.66,元/公斤
湖北省,蒜苗,8.28,8.620000000000001,8.959999999999999,元/公斤
湖北省,蒜薹,6.75,8.475,9.775,元/公斤
湖北省,蜜桔,10.0,15.0,15.0,元/公斤
湖北省,蟠桃,17.2,17.6,18.0,元/公斤
湖北省,西兰花,8.9,9.325,9.75,元/公斤
湖北省,西洋芹,4.3,4.6499999999999995,5.0,元/公斤
湖北省,西瓜,3.4,4.225,6.1,元/公斤
湖北省,西红柿,4.26,4.88,5.62,元/公斤
湖北省,西葫芦,3.7600000000000002,4.1899999999999995,4.7,元/公斤
湖北省,豆角,8.166666666666666,7.616666666666667,9.333333333333334,元/公斤
湖北省,豇豆,5.86,7.06,8.0,元/公斤
湖北省,豌豆,7.0,7.0,8.0,元/公斤
湖北省,金针菇,7.0,7.375,7.95,元/公斤
湖北省,长茄子,5.2,5.8,6.0,元/公斤
湖北省,雪梨,7.6,7.8,8.0,元/公斤
湖北省,青椒,4.45,4.9750000000000005,5.375,元/公斤
湖北省,韭菜,5.56,5.65,6.279999999999999,元/公斤
湖北省,韭菜花,10.75,11.0,11.25,元/公斤
湖北省,韭黄,8.0,8.0,9.0,元/公斤
湖北省,香菇,9.3,11.4875,13.55,元/公斤
湖北省,香菜,11.22,11.78,12.48,元/公斤
湖北省,香蕉,6.699999999999999,7.1,7.5,元/公斤
湖北省,鳊鱼,12.5,13.0,13.5,元/公斤
湖北省,鸡腿菇,8.0,8.0,9.0,元/公斤
湖北省,鸡蛋,7.4,7.7,8.4,元/公斤
湖北省,鸭梨,5.2,5.0,8.0,元/公斤
湖北省,麒麟西瓜,5.2,5.6,6.0,元/公斤
湖北省,黄桃,11.2,11.6,12.0,元/公斤
湖北省,黄瓜,4.35,5.2375,6.35,元/公斤
湖北省,黄豆芽,2.65,2.825,2.95,元/公斤
湖北省,黄鳝,73.0,77.0,79.0,元/公斤
湖北省,龙眼(桂圆),19.2,19.6,20.0,元/公斤
湖南省,一级豆油(散装),8.9,9.15,9.4,元/公斤
湖南省,丝瓜,3.0,5.0,7.0,元/公斤
湖南省,冬瓜,1.1,1.3833333333333335,1.85,元/公斤
湖南省,南瓜,1.7000000000000002,1.75,2.3499999999999996,元/公斤
湖南省,国光苹果,7.5,9.0,10.5,元/公斤
湖南省,土豆,2.15,2.341666666666667,2.875,元/公斤
湖南省,大带鱼,64.0,66.0,68.0,元/公斤
湖南省,大白菜,2.2,2.35,2.85,元/公斤
湖南省,大葱,2.55,3.3375,4.0,元/公斤
湖南省,大蒜,9.5,9.0,10.5,元/公斤
湖南省,大豆,6.0,6.5,7.0,元/公斤
湖南省,大黄花鱼,50.0,51.0,52.0,元/公斤
湖南省,富士苹果,10.27,8.782499999999999,10.865,元/公斤
湖南省,小白菜,4.0,4.5,5.0,元/公斤
湖南省,山药,5.6,6.0,6.4,元/公斤
湖南省,巨峰葡萄,12.5,12.375,15.0,元/公斤
湖南省,平菇,6.0,8.0,10.0,元/公斤
湖南省,柿子,10.25,11.28,12.3,元/公斤
湖南省,标准粉,3.5,4.0,4.5,元/公斤
湖南省,棕榈油,8.0,9.0,10.0,元/公斤
湖南省,油菜,4.0,5.5,6.0,元/公斤
湖南省,洋白菜,1.4500000000000002,1.85,2.2,元/公斤
湖南省,活草鱼,16.0,17.083333333333332,17.25,元/公斤
湖南省,活鲤鱼,14.0,15.0,16.0,元/公斤
湖南省,活鲫鱼,14.166666666666666,16.25,18.333333333333332,元/公斤
湖南省,活鸡,23.0,24.0,25.0,元/公斤
湖南省,活鸭,28.0,28.0,28.0,元/公斤
湖南省,牛肉,72.0,74.5,74.0,元/公斤
湖南省,特一粉,3.4,4.0,4.6,元/公斤
湖南省,特二粉,3.5,4.0,4.5,元/公斤
湖南省,猕猴桃,9.0,12.0,15.0,元/公斤
湖南省,猪肉(白条猪),22.0,24.5,24.0,元/公斤
湖南省,玉米,2.4,3.0,3.6,元/公斤
湖南省,甘蔗,6.0,7.0,8.0,元/公斤
湖南省,生姜,7.8,8.0,9.2,元/公斤
湖南省,生菜,5.75,6.366666666666667,6.75,元/公斤
湖南省,白条鸡,16.0,17.25,18.5,元/公斤
湖南省,白萝卜,1.4,1.6666666666666667,2.0,元/公斤
湖南省,白鲢活鱼,,9.0,,元/公斤
湖南省,石榴,7.0,8.5,10.0,元/公斤
湖南省,砂糖橘,11.0,11.5,12.0,元/公斤
湖南省,籼米(晚籼米),4.4,4.8,5.2,元/公斤
湖南省,粳米(普通),4.8,5.0,5.2,元/公斤
湖南省,红小豆,8.0,10.0,12.0,元/公斤
湖南省,红提子,11.0,12.0,13.0,元/公斤
湖南省,红椒,4.6,5.1,5.6,元/公斤
湖南省,红萝卜,1.6,1.9,2.2,元/公斤
湖南省,绿尖椒,4.5,5.0,5.5,元/公斤
湖南省,绿豆,8.0,9.0,10.0,元/公斤
湖南省,羊肉,47.5,49.0,48.5,元/公斤
湖南省,胡萝卜,2.1,2.8000000000000003,2.7,元/公斤
湖南省,脐橙,8.5,9.0,9.5,元/公斤
湖南省,色拉油,6.5,8.0,9.5,元/公斤
湖南省,芒果,7.0,9.0,11.0,元/公斤
湖南省,芦柑,5.135,5.335,5.529999999999999,元/公斤
湖南省,花生油,13.5,21.75,30.0,元/公斤
湖南省,花鲢活鱼,15.0,16.25,16.0,元/公斤
湖南省,芹菜,3.6500000000000004,4.133333333333334,4.35,元/公斤
湖南省,苦瓜,4.05,4.9,5.75,元/公斤
湖南省,茄子,2.8,2.975,3.725,元/公斤
湖南省,莲藕,7.25,6.75,9.0,元/公斤
湖南省,莴笋,3.7,4.183333333333334,4.85,元/公斤
湖南省,菜油(散装),10.85,11.35,11.85,元/公斤
湖南省,菜花,7.25,8.799999999999999,8.75,元/公斤
湖南省,菠菜,15.9,18.35,17.5,元/公斤
湖南省,菠萝,3.8,4.2,4.6,元/公斤
湖南省,葱头,1.4,1.45,2.0,元/公斤
湖南省,蒜薹,7.0,7.5,8.0,元/公斤
湖南省,蜜桔,7.0,8.0,9.0,元/公斤
湖南省,西瓜,1.0,4.05,5.2,元/公斤
湖南省,西红柿,4.55,5.016666666666667,5.7,元/公斤
湖南省,西葫芦,5.0,4.55,6.0,元/公斤
湖南省,豆角,6.45,6.333333333333333,7.6,元/公斤
湖南省,金针菇,4.0,4.5,5.0,元/公斤
湖南省,青提子,10.0,11.0,12.0,元/公斤
湖南省,青椒,3.4,4.25,4.35,元/公斤
湖南省,面粉,3.3,3.6,3.9000000000000004,元/公斤
湖南省,韭菜,7.0,6.55,8.0,元/公斤
湖南省,香梨,7.0,8.5,10.0,元/公斤
湖南省,香菇,8.0,10.0,12.0,元/公斤
湖南省,香菜,12.0,13.0,14.0,元/公斤
湖南省,香蕉,5.6,5.15,6.2,元/公斤
湖南省,鸡肉,,18.0,,元/公斤
湖南省,鸡蛋,9.575,10.299999999999999,10.3,元/公斤
湖南省,鸭梨,5.95,6.35,6.75,元/公斤
湖南省,黄瓜,4.8,5.8500000000000005,6.35,元/公斤
湖南省,龙眼(桂圆),12.0,13.0,14.0,元/公斤
甘肃省,一级豆油(散装),6.8,7.0,7.2,元/公斤
甘肃省,三黄鸡,19.0,19.5,20.0,元/公斤
甘肃省,丝瓜,5.800000000000001,5.95,6.1,元/公斤
甘肃省,中华蜜宝,5.04,5.19,5.6,元/公斤
甘肃省,丰水梨,9.36,9.64,10.4,元/公斤
甘肃省,人参果,6.24,6.4775,6.775,元/公斤
甘肃省,佛手瓜,6.625,6.945,7.325,元/公斤
甘肃省,光皮黄瓜,5.2,5.4,5.6,元/公斤
甘肃省,冬枣,7.5,8.0,8.5,元/公斤
甘肃省,冬瓜,2.12375,2.335,2.60625,元/公斤
甘肃省,冬笋,3.5,4.0,4.5,元/公斤
甘肃省,南瓜,2.8499999999999996,3.1125,3.35625,元/公斤
甘肃省,哈密瓜,3.0,3.2,3.4,元/公斤
甘肃省,嘎拉苹果,5.4,5.56,6.0,元/公斤
甘肃省,四季柚,6.66,6.86,7.4,元/公斤
甘肃省,国光苹果,5.76,5.93,6.4,元/公斤
甘肃省,圆茄子,3.81,4.06,4.35,元/公斤
甘肃省,土豆,1.7862500000000001,2.02875,2.23125,元/公斤
甘肃省,大带鱼,30.0,31.0,32.0,元/公斤
甘肃省,大枣,7.91,8.19,8.65,元/公斤
甘肃省,大白菜,1.0771428571428572,1.247142857142857,1.457142857142857,元/公斤
甘肃省,大米,6.0,6.2,6.4,元/公斤
甘肃省,大葱,2.87875,3.105,3.33125,元/公斤
甘肃省,大蒜,8.05,8.3675,8.6625,元/公斤
甘肃省,大辣椒(金塔),5.0,5.2,5.4,元/公斤
甘肃省,大辣椒（北京红）,5.2,5.4,5.6,元/公斤
甘肃省,大辣椒（甜椒-板椒）,8.1,8.34,9.0,元/公斤
甘肃省,大黄花鱼,24.0,25.0,26.0,元/公斤
甘肃省,富士苹果,7.113333333333333,7.595,8.1,元/公斤
甘肃省,对虾,51.0,51.5,52.0,元/公斤
甘肃省,小白菜,4.873333333333334,5.086666666666667,5.433333333333334,元/公斤
甘肃省,小葱,7.58,7.876,8.2,元/公斤
甘肃省,尖椒,3.0833333333333335,3.3833333333333333,3.8333333333333335,元/公斤
甘肃省,山楂,6.51,6.865,7.4,元/公斤
甘肃省,山竹,22.34,23.09,24.266666666666666,元/公斤
甘肃省,山药,6.645714285714285,6.985714285714286,7.3428571428571425,元/公斤
甘肃省,巨峰葡萄,10.266666666666667,10.606666666666667,11.066666666666668,元/公斤
甘肃省,平菇,6.433333333333334,6.776666666666666,7.316666666666666,元/公斤
甘肃省,心里美萝卜,2.79,2.955,3.175,元/公斤
甘肃省,扁豆,6.0,6.5,7.0,元/公斤
甘肃省,木瓜,6.75,6.95,7.5,元/公斤
甘肃省,木耳,85.0,87.25,89.0,元/公斤
甘肃省,木耳菜,4.6,4.7,4.8,元/公斤
甘肃省,杏鲍菇,5.314285714285715,5.775714285714286,6.114285714285714,元/公斤
甘肃省,条形辣椒干（小米椒）,12.706666666666669,13.1,13.6,元/公斤
甘肃省,条形辣椒干（长线椒）,5.22,5.38,5.8,元/公斤
甘肃省,杨桃,8.01,8.25,8.9,元/公斤
甘肃省,柚子,4.5,5.0,5.5,元/公斤
甘肃省,柠檬,12.1,12.705,13.5,元/公斤
甘肃省,柿子,4.6,5.175,5.75,元/公斤
甘肃省,核桃,11.64,12.015,12.6,元/公斤
甘肃省,桃子,8.0,10.0,12.0,元/公斤
甘肃省,梨,5.266666666666667,5.566666666666666,5.8999999999999995,元/公斤
甘肃省,榴莲,38.0,39.0,40.0,元/公斤
甘肃省,樱桃西红柿,6.933333333333334,7.5,8.066666666666666,元/公斤
甘肃省,橘、柑,6.13,6.3,6.566666666666666,元/公斤
甘肃省,橙子,7.865,8.03,8.35,元/公斤
甘肃省,毛豆,6.2,6.4,6.6,元/公斤
甘肃省,水萝卜,4.4,4.6625,4.925,元/公斤
甘肃省,油桃,5.8,6.449999999999999,7.1,元/公斤
甘肃省,油菜,5.814285714285715,6.0842857142857145,6.357142857142857,元/公斤
甘肃省,油菜籽,6.2,6.7,7.2,元/公斤
甘肃省,油麦菜,5.575,5.98875,6.3625,元/公斤
甘肃省,洋白菜,3.04,3.2399999999999998,3.4200000000000004,元/公斤
甘肃省,活草鱼,17.0,17.666666666666668,18.333333333333332,元/公斤
甘肃省,活鲤鱼,17.0,17.75,18.5,元/公斤
甘肃省,活鲫鱼,24.0,25.0,26.0,元/公斤
甘肃省,火龙果,7.300000000000001,7.55,7.9,元/公斤
甘肃省,燕麦,7.0,7.2,7.5,元/公斤
甘肃省,牛肉,65.625,66.25,66.875,元/公斤
甘肃省,特一粉,3.5,3.7,4.0,元/公斤
甘肃省,特小凤西瓜,1.98,2.04,2.2,元/公斤
甘肃省,猕猴桃,7.31,7.813333333333333,8.4,元/公斤
甘肃省,猪肉,22.225,22.675,23.15,元/公斤
甘肃省,玉米,2.0,2.25,2.5,元/公斤
甘肃省,玉米棒,2.945,3.2925,3.675,元/公斤
甘肃省,玫瑰香葡萄,11.05,11.325,11.9,元/公斤
甘肃省,瓠子,4.9,5.25,5.6,元/公斤
甘肃省,甘蓝,1.108,1.246,1.4,元/公斤
甘肃省,甜橙,6.585,6.935,7.449999999999999,元/公斤
甘肃省,甜瓜,4.1850000000000005,4.37,4.65,元/公斤
甘肃省,生姜,8.526250000000001,8.855,9.20625,元/公斤
甘肃省,生菜,5.892857142857143,6.208571428571429,6.542857142857143,元/公斤
甘肃省,田阳香芒,9.0,9.27,10.0,元/公斤
甘肃省,白条鸡,20.5,21.25,22.0,元/公斤
甘肃省,白灵菇,18.0,18.5,19.5,元/公斤
甘肃省,白萝卜,1.3314285714285714,1.542857142857143,1.7714285714285716,元/公斤
甘肃省,白蒜6.0公分,6.12,6.3,6.8,元/公斤
甘肃省,白鲢活鱼,26.0,27.0,28.0,元/公斤
甘肃省,砂糖橘,6.0,6.5,7.0,元/公斤
甘肃省,空心菜,4.05,4.35,4.65,元/公斤
甘肃省,糯米,6.55,6.824999999999999,7.1,元/公斤
甘肃省,红小豆,8.8,9.3,9.8,元/公斤
甘肃省,红尖椒,7.0,7.5,8.0,元/公斤
甘肃省,红提子,9.7,10.07,10.55,元/公斤
甘肃省,红枣,8.643333333333333,9.29,10.066666666666666,元/公斤
甘肃省,红椒,4.676,4.918,5.2,元/公斤
甘肃省,红萝卜,0.5,0.8,2.0,元/公斤
甘肃省,红蒜5.0公分,6.48,6.67,7.2,元/公斤
甘肃省,红香蕉苹果,6.12,6.3,6.8,元/公斤
甘肃省,线椒(皱椒),7.0,7.5,8.0,元/公斤
甘肃省,绿尖椒,4.0,4.5,5.0,元/公斤
甘肃省,绿豆,7.0,7.5,8.0,元/公斤
甘肃省,绿豆芽,2.825,3.0199999999999996,3.25,元/公斤
甘肃省,网纹瓜,5.58,5.75,6.2,元/公斤
甘肃省,羊,49.0,49.5,50.0,元/公斤
甘肃省,羊肉,56.5,57.0625,58.75,元/公斤
甘肃省,胡萝卜,1.87375,2.09125,2.375,元/公斤
甘肃省,良薯,4.8,5.0,5.2,元/公斤
甘肃省,芋头,8.775,9.21,9.75,元/公斤
甘肃省,芒果,11.524999999999999,11.765,12.25,元/公斤
甘肃省,芒果(台农一号),7.56,7.79,8.4,元/公斤
甘肃省,芒果(金煌芒),9.9,10.2,11.0,元/公斤
甘肃省,芥菜,5.2,5.45,5.9,元/公斤
甘肃省,芦笋,20.0,21.0,22.0,元/公斤
甘肃省,花生,7.605,7.975,8.55,元/公斤
甘肃省,花鲢活鱼,30.0,31.0,32.0,元/公斤
甘肃省,芸豆(英国红),15.0,15.6,16.0,元/公斤
甘肃省,芹菜,3.507142857142857,3.85,4.142857142857143,元/公斤
甘肃省,苋菜,3.5,4.0,4.5,元/公斤
甘肃省,苦瓜,5.65125,5.91875,6.24375,元/公斤
甘肃省,苹果,5.5,6.0,6.5,元/公斤
甘肃省,苹果梨,6.66,6.86,7.4,元/公斤
甘肃省,茄子,3.466666666666667,3.775,4.066666666666666,元/公斤
甘肃省,茭白,5.0,5.5,6.0,元/公斤
甘肃省,茴香,8.286666666666667,8.653333333333334,9.133333333333333,元/公斤
甘肃省,茶树菇,19.6,20.0,20.2,元/公斤
甘肃省,茼蒿,6.7125,7.00125,7.375,元/公斤
甘肃省,荔枝,8.2,8.7,9.2,元/公斤
甘肃省,荷兰豆,14.148000000000001,14.6,15.1,元/公斤
甘肃省,莲藕,7.60625,7.9075,8.21875,元/公斤
甘肃省,莴笋,3.2,3.4659999999999997,3.7399999999999998,元/公斤
甘肃省,菜瓜,3.8,4.15,4.5,元/公斤
甘肃省,菜花,3.8325,4.0975,4.4,元/公斤
甘肃省,菜苔,8.8,9.0,9.2,元/公斤
甘肃省,菠菜,8.414285714285715,8.76,9.185714285714285,元/公斤
甘肃省,菠萝,3.6,4.2,4.6,元/公斤
甘肃省,萝卜,1.1333333333333333,1.4000000000000001,1.6666666666666667,元/公斤
甘肃省,葡萄,9.2,9.559999999999999,10.1,元/公斤
甘肃省,葡萄干(一级),14.76,15.2,16.4,元/公斤
甘肃省,葡萄干(特级),16.56,17.05,18.4,元/公斤
甘肃省,葡萄干(通货),13.32,13.72,14.8,元/公斤
甘肃省,葱,1.75,2.3,2.8,元/公斤
甘肃省,葱头,1.01,1.166,1.31,元/公斤
甘肃省,葵花籽,7.8,8.2,8.8,元/公斤
甘肃省,蒜苗,4.975,5.305,5.7,元/公斤
甘肃省,蒜薹,8.4125,8.88,9.3625,元/公斤
甘肃省,薏米,17.5,18.0,18.5,元/公斤
甘肃省,蘑菇,7.1,7.4,7.6,元/公斤
甘肃省,蚝油,6.0,6.5,7.0,元/公斤
甘肃省,蛇果,7.33,7.93,8.7,元/公斤
甘肃省,西兰花,7.475,7.8525,8.25,元/公斤
甘肃省,西洋芹,2.66,2.87,3.06,元/公斤
甘肃省,西瓜,1.725,1.975,2.225,元/公斤
甘肃省,西红柿,3.06125,3.3674999999999997,3.65625,元/公斤
甘肃省,西葫芦,2.3985714285714286,2.6257142857142854,2.9285714285714284,元/公斤
甘肃省,调和油,4.0,4.5,5.0,元/公斤
甘肃省,豆角,6.8425,7.16125,7.5249999999999995,元/公斤
甘肃省,豇豆,5.15,5.452500000000001,5.9,元/公斤
甘肃省,辣椒干,14.0,14.5,15.0,元/公斤
甘肃省,酥梨,6.42,6.67,7.1,元/公斤
甘肃省,金针菇,5.932,6.26,6.56,元/公斤
甘肃省,银耳,71.0,71.5,72.0,元/公斤
甘肃省,长茄子,3.6333333333333333,3.935,4.266666666666667,元/公斤
甘肃省,雪梨,6.01,6.215,6.6,元/公斤
甘肃省,青冬瓜,1.62,1.67,1.8,元/公斤
甘肃省,青提子,16.42,16.905,17.8,元/公斤
甘肃省,青枣,9.0,9.5,10.0,元/公斤
甘肃省,青椒,3.15,3.44125,3.7625,元/公斤
甘肃省,青笋,2.8600000000000003,3.046,3.2600000000000002,元/公斤
甘肃省,青萝卜,1.2,1.4000000000000001,1.5999999999999999,元/公斤
甘肃省,面粉,4.0,4.25,4.5,元/公斤
甘肃省,韭苔,5.933333333333334,6.2,6.466666666666666,元/公斤
甘肃省,韭菜,4.45,4.67875,4.9625,元/公斤
甘肃省,韭黄,15.5,16.166666666666668,16.833333333333332,元/公斤
甘肃省,香梨,8.46,8.71,9.4,元/公斤
甘肃省,香椿,17.0,17.5,18.0,元/公斤
甘肃省,香水梨,7.6,7.8,8.0,元/公斤
甘肃省,香瓜,3.42,3.52,3.8,元/公斤
甘肃省,香菇,12.05,12.5,13.025,元/公斤
甘肃省,香菜,10.275,10.69,11.175,元/公斤
甘肃省,香蕉,4.698333333333333,4.921666666666667,5.183333333333334,元/公斤
甘肃省,鲈鱼,70.0,71.0,72.0,元/公斤
甘肃省,鲜食玉米,2.566666666666667,2.86,3.1999999999999997,元/公斤
甘肃省,鸡肉,22.0,22.5,23.0,元/公斤
甘肃省,鸡腿菇,5.32,5.595000000000001,5.9,元/公斤
甘肃省,鸡蛋,7.42,7.68,7.9,元/公斤
甘肃省,鸭梨,4.2,4.5,4.8,元/公斤
甘肃省,鹌鹑蛋,7.0,7.5,8.0,元/公斤
甘肃省,麒麟西瓜,2.7,2.78,3.0,元/公斤
甘肃省,黄元帅苹果,5.609999999999999,6.1899999999999995,6.9,元/公斤
甘肃省,黄桃,7.0,7.5,8.0,元/公斤
甘肃省,黄瓜,4.16875,4.50125,4.86875,元/公斤
甘肃省,黄豆芽,2.6666666666666665,2.813333333333333,3.0,元/公斤
甘肃省,黄金瓜,3.2,3.6,3.8,元/公斤
甘肃省,黄香蕉苹果,5.22,5.38,5.8,元/公斤
甘肃省,龙眼葡萄,9.54,9.82,10.6,元/公斤
福建省,丝瓜,9.2,9.6,10.0,元/公斤
福建省,冬瓜,0.8666666666666667,1.3499999999999999,3.5866666666666664,元/公斤
福建省,凤尾菇,21.4,22.0,22.6,元/公斤
福建省,南瓜,0.6,1.29,10.2,元/公斤
福建省,土豆,1.3,2.335,4.63,元/公斤
福建省,大白菜,1.1,2.1366666666666667,3.986666666666667,元/公斤
福建省,大葱,3.6,4.616666666666666,7.5200000000000005,元/公斤
福建省,大蒜,12.2,13.3,14.6,元/公斤
福建省,小白菜,3.3,4.2,4.4,元/公斤
福建省,小葱,6.6,6.8,7.4,元/公斤
福建省,尖椒,4.3,4.9,6.0,元/公斤
福建省,平菇,4.4,5.0,6.0,元/公斤
福建省,木耳菜,5.4,5.6,6.6,元/公斤
福建省,油菜,3.0,5.2,5.4,元/公斤
福建省,油麦菜,4.8,5.2,5.4,元/公斤
福建省,洋白菜,1.6800000000000002,2.37,5.55,元/公斤
福建省,猪肉(白条猪),24.2,24.4,25.2,元/公斤
福建省,瓠子,4.2,5.0,5.2,元/公斤
福建省,生姜,8.7,10.0,11.2,元/公斤
福建省,生菜,3.8666666666666667,5.283333333333334,9.0,元/公斤
福建省,白萝卜,0.83,1.755,3.0,元/公斤
福建省,福鼎芋,16.6,17.6,18.4,元/公斤
福建省,空心菜,9.5,10.2,11.0,元/公斤
福建省,红萝卜,1.8,2.4,3.4,元/公斤
福建省,绿豆芽,2.95,3.3,3.7,元/公斤
福建省,胡萝卜,0.9,1.94,3.9,元/公斤
福建省,芋头,7.4,7.6,7.6,元/公斤
福建省,芥菜,4.5,5.0,6.0,元/公斤
福建省,芹菜,4.766666666666667,5.593333333333334,8.033333333333333,元/公斤
福建省,苦瓜,3.4,4.0,4.8,元/公斤
福建省,茄子,2.5,3.575,6.25,元/公斤
福建省,茶树菇,13.8,14.8,15.2,元/公斤
福建省,荷兰豆,13.7,14.6,16.3,元/公斤
福建省,莲藕,4.6,5.52,8.25,元/公斤
福建省,莴笋,2.733333333333333,4.203333333333333,5.733333333333333,元/公斤
福建省,菜花,2.43,4.815,7.1,元/公斤
福建省,菠菜,6.0,7.82,10.066666666666666,元/公斤
福建省,萝卜,1.2,1.6,2.0,元/公斤
福建省,葱头,4.3,6.025,8.8,元/公斤
福建省,蒜薹,5.1866666666666665,7.3566666666666665,10.586666666666666,元/公斤
福建省,西红柿,3.92,5.390000000000001,7.52,元/公斤
福建省,西葫芦,1.0,4.43,6.76,元/公斤
福建省,豆角,4.03,7.529999999999999,10.7,元/公斤
福建省,豇豆,7.0,7.2,7.8,元/公斤
福建省,辣椒干,26.6,27.6,28.6,元/公斤
福建省,金针菇,6.2,7.3,8.0,元/公斤
福建省,青椒,3.92,5.609999999999999,7.986666666666667,元/公斤
福建省,韭菜,8.6,9.5,10.0,元/公斤
福建省,韭黄,14.8,15.8,16.8,元/公斤
福建省,香菇,7.0,7.525,14.1,元/公斤
福建省,香菜,8.6,9.0,9.7,元/公斤
福建省,鲜食玉米,3.0,3.6,4.2,元/公斤
福建省,黄瓜,1.93,3.94,9.1,元/公斤
福建省,黄豆芽,3.8,4.9,5.4,元/公斤
福建省,黑木耳,11.8,11.9,12.6,元/公斤
西藏自治区,冬瓜,2.0,3.2,4.0,元/公斤
西藏自治区,南瓜,3.0,4.0,5.0,元/公斤
西藏自治区,土豆,2.4,4.0,5.0,元/公斤
西藏自治区,大白菜,1.5,4.0,5.0,元/公斤
西藏自治区,大米,4.4,4.7,5.6,元/公斤
西藏自治区,大葱,7.6,8.5,9.0,元/公斤
西藏自治区,大蒜,10.5,12.0,14.0,元/公斤
西藏自治区,大豆,19.5,20.0,22.0,元/公斤
西藏自治区,大辣椒（甜椒-板椒）,8.5,9.0,10.0,元/公斤
西藏自治区,富士苹果,10.5,17.5,20.0,元/公斤
西藏自治区,小白菜,2.4,3.0,4.0,元/公斤
西藏自治区,小葱,3.0,3.5,4.0,元/公斤
西藏自治区,山药,7.5,8.0,8.5,元/公斤
西藏自治区,条形辣椒干（二荆条）,6.5,7.5,8.0,元/公斤
西藏自治区,油菜,5.5,6.5,7.5,元/公斤
西藏自治区,活草鱼,23.0,24.0,26.0,元/公斤
西藏自治区,牛肉,56.4,73.0,78.0,元/公斤
西藏自治区,牦牛,70.5,72.0,80.0,元/公斤
西藏自治区,猪肉(白条猪),17.2,24.0,25.0,元/公斤
西藏自治区,玉米,7.1,7.2,8.5,元/公斤
西藏自治区,生姜,9.9,10.8,15.0,元/公斤
西藏自治区,白萝卜,2.8,5.0,5.5,元/公斤
西藏自治区,羊肉,58.0,67.5,68.0,元/公斤
西藏自治区,胡萝卜,2.5,3.5,5.0,元/公斤
西藏自治区,芝麻(白芝麻),20.5,21.5,22.5,元/公斤
西藏自治区,花生,14.5,15.5,16.5,元/公斤
西藏自治区,茄子,6.0,7.0,8.0,元/公斤
西藏自治区,菜花,6.0,7.0,8.0,元/公斤
西藏自治区,葱,7.8,10.0,10.5,元/公斤
西藏自治区,葱头,5.8,7.0,8.5,元/公斤
西藏自治区,蒜苗,13.5,14.0,17.0,元/公斤
西藏自治区,西红柿,5.0,6.0,7.5,元/公斤
西藏自治区,西葫芦,3.0,4.0,5.0,元/公斤
西藏自治区,豆角,8.0,8.5,10.0,元/公斤
西藏自治区,青椒,5.0,6.0,7.5,元/公斤
西藏自治区,面粉,4.0,4.4,5.5,元/公斤
西藏自治区,韭菜,7.5,7.8,8.0,元/公斤
西藏自治区,食用盐,2.0,2.5,3.0,元/公斤
西藏自治区,香蕉,7.6,9.0,9.5,元/公斤
西藏自治区,鸡蛋,8.0,12.4,14.0,元/公斤
西藏自治区,黄瓜,6.5,7.0,9.0,元/公斤
贵州省,低辣小椒（三樱椒）,22.2,22.4,22.6,元/公斤
贵州省,低辣小椒（灯笼椒）,18.0,23.0,26.0,元/公斤
贵州省,冬瓜,1.3,1.55,1.7,元/公斤
贵州省,南瓜,2.0,2.2,2.4,元/公斤
贵州省,圆形辣椒干（子弹头）,20.6,21.5,23.0,元/公斤
贵州省,土豆,1.6,1.8,2.0,元/公斤
贵州省,大白菜,1.0,1.1,1.35,元/公斤
贵州省,大葱,3.0,3.2,3.4,元/公斤
贵州省,大蒜,7.1,7.9,8.2,元/公斤
贵州省,富士苹果,5.8,6.0,6.4,元/公斤
贵州省,小白菜,4.2,4.8,5.2,元/公斤
贵州省,小葱,4.0,4.4,5.2,元/公斤
贵州省,山药,6.0,7.2,9.0,元/公斤
贵州省,巨峰葡萄,13.0,13.2,13.6,元/公斤
贵州省,折耳根(鱼腥草),7.6,8.0,8.3,元/公斤
贵州省,条形辣椒干（二荆条）,20.0,22.0,24.0,元/公斤
贵州省,条形辣椒干（小米椒）,17.0,18.0,19.0,元/公斤
贵州省,油菜,3.6,3.8,4.0,元/公斤
贵州省,油麦菜,4.3,4.7,5.1,元/公斤
贵州省,洋白菜,1.0,1.1,1.2,元/公斤
贵州省,牛肉,68.0,70.0,72.0,元/公斤
贵州省,猪肉,23.8,24.2,24.8,元/公斤
贵州省,猪肉(白条猪),18.0,20.0,21.0,元/公斤
贵州省,甘蓝,0.7,0.9,1.1,元/公斤
贵州省,生姜,6.0,7.1,8.3,元/公斤
贵州省,生菜,3.8,4.0,4.2,元/公斤
贵州省,白条鸡,17.0,18.5,20.0,元/公斤
贵州省,白萝卜,0.95,1.15,1.25,元/公斤
贵州省,胡萝卜,2.3,2.6500000000000004,2.8,元/公斤
贵州省,芹菜,3.3,3.75,4.1,元/公斤
贵州省,苦瓜,2.0,4.4,4.8,元/公斤
贵州省,茄子,2.6,2.8,3.0,元/公斤
贵州省,莲藕,4.9,6.1,6.5,元/公斤
贵州省,莴笋,2.9,3.5,3.9,元/公斤
贵州省,菜花,4.4,4.9,5.3,元/公斤
贵州省,菠菜,9.2,9.8,11.0,元/公斤
贵州省,葱头,1.6,1.7,1.9,元/公斤
贵州省,蒜薹,5.0,7.0,9.0,元/公斤
贵州省,西兰花,7.2,7.4,7.8,元/公斤
贵州省,西瓜,1.6,1.8,2.0,元/公斤
贵州省,西红柿,3.1,4.3,5.2,元/公斤
贵州省,西葫芦,2.4,2.8,2.9,元/公斤
贵州省,豆角,4.7,6.199999999999999,6.9,元/公斤
贵州省,豇豆,4.0,5.4,6.0,元/公斤
贵州省,长茄子,1.6,2.4,2.8,元/公斤
贵州省,青椒,2.4,2.8,3.2,元/公斤
贵州省,韭菜,4.9,5.2,5.4,元/公斤
贵州省,香菇,9.5,11.1,11.8,元/公斤
贵州省,香蕉,3.2,3.4,3.6,元/公斤
贵州省,高辣小椒（印度S17）,18.8,19.0,19.2,元/公斤
贵州省,高辣小椒（新一代）,16.8,17.0,17.2,元/公斤
贵州省,高辣小椒（满天星）,16.8,17.5,18.6,元/公斤
贵州省,高辣小椒（艳椒）,14.0,17.2,19.0,元/公斤
贵州省,鸡蛋,6.8,7.050000000000001,7.3,元/公斤
贵州省,黄瓜,4.1,4.8,5.65,元/公斤
辽宁省,冬瓜,1.3,1.5625,1.775,元/公斤
辽宁省,南瓜,2.8000000000000003,3.033333333333333,3.3333333333333335,元/公斤
辽宁省,土豆,1.42,1.7100000000000002,2.04,元/公斤
辽宁省,大白菜,1.28,1.46,1.6800000000000002,元/公斤
辽宁省,大葱,1.8333333333333333,1.9666666666666668,2.1333333333333333,元/公斤
辽宁省,大蒜,6.6000000000000005,7.566666666666666,8.533333333333333,元/公斤
辽宁省,小白菜,1.725,2.025,2.25,元/公斤
辽宁省,小葱,1.8,2.05,2.2,元/公斤
辽宁省,尖椒,2.775,3.175,3.525,元/公斤
辽宁省,山药,5.866666666666667,6.466666666666666,6.666666666666667,元/公斤
辽宁省,平菇,3.5,5.5,7.5,元/公斤
辽宁省,杏鲍菇,4.0,5.0,6.0,元/公斤
辽宁省,油菜,2.2199999999999998,2.7399999999999998,3.22,元/公斤
辽宁省,油麦菜,4.0,4.55,4.9,元/公斤
辽宁省,洋白菜,1.4,1.65,1.9,元/公斤
辽宁省,牛肉,60.5,63.0,66.0,元/公斤
辽宁省,猪肉(白条猪),19.8,20.7,23.0,元/公斤
辽宁省,甘蓝,1.0,1.0,1.1,元/公斤
辽宁省,生姜,7.35,8.25,9.5,元/公斤
辽宁省,生菜,3.12,3.5,4.2,元/公斤
辽宁省,白条鸡,15.0,16.5,18.0,元/公斤
辽宁省,白萝卜,1.4000000000000001,1.5999999999999999,1.7333333333333334,元/公斤
辽宁省,空心菜,2.0,2.5,3.0,元/公斤
辽宁省,红尖椒,6.0,6.3,6.7,元/公斤
辽宁省,红萝卜,1.3666666666666665,1.5333333333333332,1.8,元/公斤
辽宁省,绿尖椒,1.6,2.0,2.4,元/公斤
辽宁省,绿豆芽,1.9,2.15,2.25,元/公斤
辽宁省,羊肉,62.0,64.0,66.0,元/公斤
辽宁省,胡萝卜,1.85,2.075,2.25,元/公斤
辽宁省,芋头,3.2,3.2,3.2,元/公斤
辽宁省,芹菜,2.44,2.79,3.06,元/公斤
辽宁省,苦瓜,3.733333333333333,4.1000000000000005,4.3999999999999995,元/公斤
辽宁省,苹果,5.0,6.0,7.0,元/公斤
辽宁省,茄子,1.56,1.8800000000000001,2.32,元/公斤
辽宁省,茼蒿,4.333333333333333,4.866666666666666,5.533333333333334,元/公斤
辽宁省,荷兰豆,14.0,14.4,15.0,元/公斤
辽宁省,莲藕,7.0,8.45,9.5,元/公斤
辽宁省,莴笋,3.9,3.9,4.1,元/公斤
辽宁省,菜花,4.3,4.725,5.05,元/公斤
辽宁省,菠菜,7.959999999999999,8.9,10.040000000000001,元/公斤
辽宁省,萝卜,1.5,1.85,2.2,元/公斤
辽宁省,葡萄,10.0,13.0,16.0,元/公斤
辽宁省,葱,3.5,4.1,4.7,元/公斤
辽宁省,葱头,1.1,1.3,1.5,元/公斤
辽宁省,蒜苗,13.0,13.4,14.0,元/公斤
辽宁省,蒜薹,6.333333333333333,8.166666666666666,10.200000000000001,元/公斤
辽宁省,西兰花,6.066666666666666,6.333333333333333,6.466666666666666,元/公斤
辽宁省,西洋芹,3.3,3.5,3.5,元/公斤
辽宁省,西瓜,1.2,1.6,2.0,元/公斤
辽宁省,西红柿,2.8600000000000003,3.38,3.8600000000000003,元/公斤
辽宁省,西葫芦,1.58,1.92,2.2600000000000002,元/公斤
辽宁省,豆角,3.6,4.2700000000000005,5.38,元/公斤
辽宁省,豇豆,2.7,3.1,3.5,元/公斤
辽宁省,金针菇,4.0,4.6,5.0,元/公斤
辽宁省,长茄子,2.0,2.6,3.6,元/公斤
辽宁省,青椒,3.0,3.475,3.9499999999999997,元/公斤
辽宁省,韭菜,2.84,3.2600000000000002,3.72,元/公斤
辽宁省,香菇,6.0,6.633333333333333,7.333333333333333,元/公斤
辽宁省,香菜,5.666666666666667,6.433333333333334,7.0,元/公斤
辽宁省,香蕉,6.0,7.0,8.0,元/公斤
辽宁省,鸡蛋,9.0,10.5,12.0,元/公斤
辽宁省,麻椒（皱皮青椒）,3.4,3.6,3.8,元/公斤
辽宁省,黄瓜,2.82,3.35,3.9200000000000004,元/公斤
重庆市,三文鱼,180.0,200.0,210.0,元/公斤
重庆市,丝瓜,4.0,7.0,8.0,元/公斤
重庆市,冬瓜,1.0,1.1,1.2,元/公斤
重庆市,南瓜,2.1,2.675,3.25,元/公斤
重庆市,土豆,2.5,3.05,3.6,元/公斤
重庆市,大带鱼,29.0,30.0,31.0,元/公斤
重庆市,大白菜,1.7,2.3,2.9,元/公斤
重庆市,大葱,4.6,5.7,6.3,元/公斤
重庆市,大蒜,7.5,8.0,8.5,元/公斤
重庆市,大黄花鱼,36.0,40.0,44.0,元/公斤
重庆市,富士苹果,9.6,9.8,10.0,元/公斤
重庆市,小黄花鱼,28.0,32.0,38.0,元/公斤
重庆市,尖椒,6.0,8.0,9.0,元/公斤
重庆市,山药,9.0,12.0,14.0,元/公斤
重庆市,平菇,9.15,10.325,11.5,元/公斤
重庆市,扇贝,36.0,44.0,48.0,元/公斤
重庆市,柠檬,16.0,16.5,17.0,元/公斤
重庆市,武昌鱼,26.0,32.0,36.0,元/公斤
重庆市,油菜,6.3,6.65,7.0,元/公斤
重庆市,油麦菜,4.0,5.0,6.0,元/公斤
重庆市,洋白菜,1.0,1.1,1.2,元/公斤
重庆市,活草鱼,23.0,23.5,24.0,元/公斤
重庆市,活鲫鱼,21.0,21.5,22.0,元/公斤
重庆市,海鳗,60.0,65.0,70.0,元/公斤
重庆市,牛肉,70.0,70.0,70.0,元/公斤
重庆市,猪肉(白条猪),17.0,17.15,17.3,元/公斤
重庆市,生姜,7.95,8.7,10.45,元/公斤
重庆市,生菜,4.15,5.375,6.1,元/公斤
重庆市,甲鱼,110.0,130.0,150.0,元/公斤
重庆市,白条鸡,18.3,19.15,20.0,元/公斤
重庆市,白萝卜,1.0,1.1,1.2,元/公斤
重庆市,白鲢活鱼,13.0,13.5,14.0,元/公斤
重庆市,红萝卜,3.0,5.0,6.0,元/公斤
重庆市,羊肉,50.0,52.0,54.0,元/公斤
重庆市,肉蟹,100.0,115.0,125.0,元/公斤
重庆市,胡萝卜,3.6,4.3,5.0,元/公斤
重庆市,芋头,6.0,8.0,9.0,元/公斤
重庆市,花鲢活鱼,23.0,23.5,24.0,元/公斤
重庆市,芹菜,3.2,3.5,3.8,元/公斤
重庆市,苦瓜,5.0,6.0,8.0,元/公斤
重庆市,茄子,3.6,4.3,5.0,元/公斤
重庆市,茼蒿,5.0,7.0,8.0,元/公斤
重庆市,莲藕,3.8,4.15,4.5,元/公斤
重庆市,莴笋,2.6,3.1,3.6,元/公斤
重庆市,菜花,4.8,5.1,5.4,元/公斤
重庆市,菜苔,3.0,4.0,5.0,元/公斤
重庆市,菠菜,14.2,15.05,16.4,元/公斤
重庆市,萝卜,3.0,3.0,4.0,元/公斤
重庆市,葱,7.0,9.0,11.0,元/公斤
重庆市,葱头,1.4,1.6,1.8,元/公斤
重庆市,蒜苗,8.0,9.0,12.0,元/公斤
重庆市,蒜薹,4.4,4.7,5.0,元/公斤
重庆市,蘑菇,12.0,16.0,18.0,元/公斤
重庆市,西兰花,6.0,8.0,9.0,元/公斤
重庆市,西瓜,1.4,1.6,1.8,元/公斤
重庆市,西红柿,4.2,4.95,5.7,元/公斤
重庆市,西葫芦,2.6,2.7,2.8,元/公斤
重庆市,豆角,5.6,6.2,6.8,元/公斤
重庆市,金针菇,8.0,10.0,11.0,元/公斤
重庆市,青椒,3.5,4.2,5.4,元/公斤
重庆市,韭菜,7.0,7.675,8.35,元/公斤
重庆市,香菇,12.6,14.8,16.0,元/公斤
重庆市,香菜,13.0,16.0,20.0,元/公斤
重庆市,香蕉,4.8,5.0,5.2,元/公斤
重庆市,鲈鱼,36.0,40.0,45.0,元/公斤
重庆市,鲍鱼,90.0,100.0,115.0,元/公斤
重庆市,鲶鱼,32.0,34.0,36.0,元/公斤
重庆市,鸡蛋,8.8,9.4,10.0,元/公斤
重庆市,黄瓜,4.8,5.4,6.0,元/公斤
重庆市,黄豆芽,4.0,5.0,6.0,元/公斤
重庆市,黑木耳,9.0,10.0,12.0,元/公斤
重庆市,龙虾,460.0,480.0,500.0,元/公斤
陕西省,丝瓜,6.0,6.6,7.0,元/公斤
陕西省,佛手瓜,6.0,6.7,7.0,元/公斤
陕西省,冬瓜,1.15,1.3,1.85,元/公斤
陕西省,南瓜,1.8,2.2,3.0,元/公斤
陕西省,土豆,1.4,1.75,2.4,元/公斤
陕西省,大带鱼,30.0,32.0,34.0,元/公斤
陕西省,大白菜,1.2,1.525,1.8,元/公斤
陕西省,大葱,2.6,2.775,3.3,元/公斤
陕西省,大蒜,7.4,7.975,10.0,元/公斤
陕西省,大黄花鱼,46.0,48.0,50.0,元/公斤
陕西省,富士苹果,6.0,7.75,9.6,元/公斤
陕西省,小白菜,4.5,5.4,6.0,元/公斤
陕西省,小葱,6.0,6.4,7.0,元/公斤
陕西省,尖椒,4.0,3.55,5.0,元/公斤
陕西省,山药,7.6,7.85,9.0,元/公斤
陕西省,巨峰葡萄,6.0,8.0,10.0,元/公斤
陕西省,平菇,6.5,7.85,9.3,元/公斤
陕西省,油菜,2.0,4.1,4.0,元/公斤
陕西省,油麦菜,5.0,6.2,6.6,元/公斤
陕西省,洋白菜,1.2,1.5,1.8,元/公斤
陕西省,活草鱼,16.0,18.8,22.0,元/公斤
陕西省,活鲤鱼,14.0,15.0,16.0,元/公斤
陕西省,活鲫鱼,18.0,20.0,22.0,元/公斤
陕西省,牛肉,64.0,65.0,66.0,元/公斤
陕西省,猪肉,20.0,20.5,21.0,元/公斤
陕西省,猪肉(白条猪),,17.2,,元/公斤
陕西省,甘蓝,,1.4,,元/公斤
陕西省,甘薯,,3.4,,元/公斤
陕西省,生姜,8.0,9.0,11.5,元/公斤
陕西省,生菜,4.8,5.9,6.5,元/公斤
陕西省,白条鸡,13.0,13.5,14.0,元/公斤
陕西省,白萝卜,1.5,1.65,2.4,元/公斤
陕西省,白鲢活鱼,14.0,14.5,15.0,元/公斤
陕西省,红椒,11.0,11.5,12.0,元/公斤
陕西省,红萝卜,4.0,4.1,6.8,元/公斤
陕西省,羊肉,50.0,56.0,62.0,元/公斤
陕西省,胡萝卜,1.8,2.35,3.0,元/公斤
陕西省,芋头,13.0,13.8,15.0,元/公斤
陕西省,芥菜,3.0,4.0,5.0,元/公斤
陕西省,花鲢活鱼,16.0,19.0,22.0,元/公斤
陕西省,芹菜,2.9,3.1500000000000004,3.7,元/公斤
陕西省,苦瓜,4.5,5.2,6.0,元/公斤
陕西省,茄子,2.4,2.7,3.7,元/公斤
陕西省,茭白,11.0,11.4,12.0,元/公斤
陕西省,茼蒿,9.0,9.6,10.0,元/公斤
陕西省,荷兰豆,14.0,14.5,15.0,元/公斤
陕西省,莲藕,5.75,5.725,7.3,元/公斤
陕西省,莴笋,3.0,3.25,3.95,元/公斤
陕西省,菜花,5.5,6.25,7.25,元/公斤
陕西省,菠菜,9.0,10.225,11.0,元/公斤
陕西省,葱头,5.0,4.15,10.0,元/公斤
陕西省,蒜薹,8.0,9.2,10.5,元/公斤
陕西省,西兰花,6.0,7.6,7.0,元/公斤
陕西省,西瓜,3.0,3.8,4.6,元/公斤
陕西省,西红柿,3.0,3.475,4.1,元/公斤
陕西省,西葫芦,2.15,2.7,3.3,元/公斤
陕西省,豆角,8.0,6.95,9.0,元/公斤
陕西省,豇豆,5.0,5.6,6.0,元/公斤
陕西省,金针菇,6.0,6.5,7.0,元/公斤
陕西省,青椒,3.2,3.3249999999999997,4.1,元/公斤
陕西省,韭菜,4.0,4.6,5.2,元/公斤
陕西省,韭黄,12.0,12.6,13.0,元/公斤
陕西省,香菇,11.0,13.6,16.0,元/公斤
陕西省,香菜,9.0,10.1,11.0,元/公斤
陕西省,香蕉,6.0,6.5,7.0,元/公斤
陕西省,鸡蛋,7.8,8.05,10.0,元/公斤
陕西省,黄瓜,4.0,5.050000000000001,5.4,元/公斤
陕西省,黄豆芽,,2.4,,元/公斤
陕西省,黑鱼,,20.0,,元/公斤
青海省,土豆,1.4,1.6,1.8,元/公斤
青海省,大白菜,1.2,1.3,1.4,元/公斤
青海省,大米,4.4,4.4,4.4,元/公斤
青海省,大葱,1.8,2.0,2.2,元/公斤
青海省,油菜,4.4,4.7,5.0,元/公斤
青海省,洋白菜,0.6,0.7,0.8,元/公斤
青海省,活草鱼,20.0,20.5,21.0,元/公斤
青海省,活鲤鱼,16.0,16.0,16.0,元/公斤
青海省,活鲫鱼,26.0,26.0,26.0,元/公斤
青海省,牛肉,56.0,60.0,64.0,元/公斤
青海省,特一粉,3.6,4.15,4.71,元/公斤
青海省,特二粉,3.35,3.85,3.85,元/公斤
青海省,猪肉(白条猪),15.5,16.0,16.5,元/公斤
青海省,玉米,3.2,3.4,3.6,元/公斤
青海省,生姜,7.0,7.5,8.0,元/公斤
青海省,白条鸡,11.0,16.3,21.6,元/公斤
青海省,白萝卜,1.4,1.6,1.8,元/公斤
青海省,粳米(普通),5.4,6.5,7.5,元/公斤
青海省,羊肉,52.0,56.0,60.0,元/公斤
青海省,胡萝卜,1.6,1.7,1.8,元/公斤
青海省,芹菜,1.2,1.8,2.4,元/公斤
青海省,茄子,3.0,3.3,3.6,元/公斤
青海省,莴笋,1.4,1.7,2.0,元/公斤
青海省,菜油(散装),11.0,12.47,13.94,元/公斤
青海省,菜花,7.0,7.0,7.0,元/公斤
青海省,菠菜,6.0,7.5,9.0,元/公斤
青海省,葱头,1.2,1.4,1.6,元/公斤
青海省,蒜薹,4.0,4.2,4.4,元/公斤
青海省,西红柿,1.6,2.5,3.4,元/公斤
青海省,豆角,4.0,5.5,7.0,元/公斤
青海省,青椒,2.4,2.7,3.0,元/公斤
青海省,面粉,3.6,3.63,3.66,元/公斤
青海省,韭菜,5.0,5.5,6.0,元/公斤
青海省,鸡蛋,7.0,7.1,7.2,元/公斤
青海省,黄瓜,3.0,4.3,5.6,元/公斤
黑龙江省,冬瓜,1.7,1.75,1.8,元/公斤
黑龙江省,南瓜,4.0,4.15,4.3,元/公斤
黑龙江省,土豆,1.4333333333333333,1.6666666666666667,1.9333333333333333,元/公斤
黑龙江省,大白菜,1.3,1.4666666666666668,1.6333333333333335,元/公斤
黑龙江省,大葱,2.2,2.55,2.9000000000000004,元/公斤
黑龙江省,大蒜,6.933333333333334,8.0,9.066666666666666,元/公斤
黑龙江省,富士苹果,8.0,9.8,11.6,元/公斤
黑龙江省,小白菜,3.0,3.25,3.5,元/公斤
黑龙江省,尖椒,2.6,4.5,6.4,元/公斤
黑龙江省,山药,7.0,7.75,8.0,元/公斤
黑龙江省,巨峰葡萄,11.0,12.5,14.0,元/公斤
黑龙江省,平菇,8.5,9.0,9.5,元/公斤
黑龙江省,杏鲍菇,5.6,6.3,7.0,元/公斤
黑龙江省,柠檬,18.0,19.0,20.0,元/公斤
黑龙江省,梨,4.8,5.6,6.0,元/公斤
黑龙江省,橙子,5.6,7.8,10.0,元/公斤
黑龙江省,油菜,2.6666666666666665,2.9333333333333336,3.1999999999999997,元/公斤
黑龙江省,油麦菜,4.5,4.75,5.0,元/公斤
黑龙江省,洋白菜,1.3,1.4,1.5,元/公斤
黑龙江省,活草鱼,19.0,20.0,21.0,元/公斤
黑龙江省,活鲤鱼,14.0,15.0,17.0,元/公斤
黑龙江省,活鲫鱼,21.0,22.0,25.0,元/公斤
黑龙江省,火龙果,8.2,9.5,11.0,元/公斤
黑龙江省,牛肉,60.0,62.0,64.0,元/公斤
黑龙江省,猕猴桃,13.0,13.5,14.0,元/公斤
黑龙江省,猪肉(白条猪),22.0,24.0,25.0,元/公斤
黑龙江省,生姜,8.666666666666666,9.200000000000001,9.866666666666667,元/公斤
黑龙江省,生菜,4.866666666666666,5.2,5.866666666666667,元/公斤
黑龙江省,白条鸡,13.0,16.0,20.0,元/公斤
黑龙江省,白萝卜,1.6,1.75,1.9000000000000001,元/公斤
黑龙江省,白鲢活鱼,17.0,18.0,19.0,元/公斤
黑龙江省,红尖椒,16.0,16.0,16.0,元/公斤
黑龙江省,红萝卜,2.0,2.0,2.0,元/公斤
黑龙江省,绿尖椒,2.0,2.0,2.0,元/公斤
黑龙江省,绿豆芽,2.2,2.4,2.4,元/公斤
黑龙江省,网纹瓜,4.0,7.2,10.0,元/公斤
黑龙江省,羊肉,56.0,58.0,60.0,元/公斤
黑龙江省,胡萝卜,1.5333333333333332,1.7,1.8666666666666665,元/公斤
黑龙江省,芋头,9.0,10.0,10.0,元/公斤
黑龙江省,芒果,7.0,7.5,8.0,元/公斤
黑龙江省,芹菜,3.3333333333333335,3.6,3.8666666666666667,元/公斤
黑龙江省,苦瓜,8.0,8.0,8.0,元/公斤
黑龙江省,苹果,6.8,7.0,7.2,元/公斤
黑龙江省,茄子,1.0666666666666667,1.6666666666666667,2.2333333333333334,元/公斤
黑龙江省,茭白,16.0,16.0,16.0,元/公斤
黑龙江省,茼蒿,8.5,8.75,9.0,元/公斤
黑龙江省,荷兰豆,10.0,11.0,12.0,元/公斤
黑龙江省,莲藕,9.4,9.45,9.5,元/公斤
黑龙江省,莴笋,6.0,6.0,6.0,元/公斤
黑龙江省,菜花,6.066666666666666,6.7,7.3999999999999995,元/公斤
黑龙江省,菠菜,7.0,7.666666666666667,8.333333333333334,元/公斤
黑龙江省,萝卜,1.2,1.4,1.6,元/公斤
黑龙江省,葡萄,6.0,10.0,14.0,元/公斤
黑龙江省,葱,1.8,2.0,2.2,元/公斤
黑龙江省,葱头,1.0,1.3,1.6,元/公斤
黑龙江省,蒜苗,11.5,13.0,14.5,元/公斤
黑龙江省,蒜薹,4.8,6.5,9.0,元/公斤
黑龙江省,西兰花,8.0,8.25,9.0,元/公斤
黑龙江省,西洋芹,6.0,6.0,6.0,元/公斤
黑龙江省,西瓜,2.95,3.2,3.6,元/公斤
黑龙江省,西红柿,2.1333333333333333,2.6666666666666665,3.1999999999999997,元/公斤
黑龙江省,西葫芦,2.0666666666666664,2.8333333333333335,3.4,元/公斤
黑龙江省,豆角,3.0,4.666666666666667,6.466666666666666,元/公斤
黑龙江省,金针菇,6.5,6.9,7.3,元/公斤
黑龙江省,青椒,3.0,3.466666666666667,4.2,元/公斤
黑龙江省,韭苔,16.0,16.0,16.0,元/公斤
黑龙江省,韭菜,2.533333333333333,2.9333333333333336,3.3333333333333335,元/公斤
黑龙江省,韭黄,24.0,24.0,24.0,元/公斤
黑龙江省,香椿,16.0,16.0,16.0,元/公斤
黑龙江省,香菇,7.333333333333333,9.166666666666666,11.666666666666666,元/公斤
黑龙江省,香菜,8.5,9.5,10.5,元/公斤
黑龙江省,香蕉,4.8,5.05,5.3,元/公斤
黑龙江省,鸡蛋,7.6,7.6,8.0,元/公斤
黑龙江省,鸭梨,3.0,3.7,4.4,元/公斤
黑龙江省,黄瓜,2.6,3.1666666666666665,3.8000000000000003,元/公斤
黑龙江省,黄豆芽,2.2,2.4,2.4,元/公斤
